{"metadata":{"asset_id":"ee176b2d-6541-448a-ae71-73bba0dff506","asset_attributes":["data_asset"],"name":"complaint_data.csv","asset_type":"data_asset","created_at":"2023-02-23T19:46:17Z","origin_country":"us","owner_id":"7bab2e0e-401c-40f4-baf8-ad18f8a7c6b9","project_id":"c174df2a-e651-40be-a3df-2a19cb07d7b6","size":25748661,"usage":{"last_update_time":1677181578092,"last_updated_at":"2023-02-23T19:46:18Z"}},"entity":{"data_asset":{"mime_type":"text/csv","dataset":false},"location_definition":{"physical_location_code":"DAL","physical_location_code_assigned_by":"IBMid-550003HW96","physical_location_code_rds_id":"c57cb90f-2126-3800-9c9f-9eab82021cdf","physical_location_code_rds_version":"00002022-0428-4142-8305-320876000000_2","physical_location_code_assignment_method":"INFERRED","physical_location_code_added_on":"1676936170262"}},"attachments":[{"id":"4e940c9d-af8c-485e-bd7e-2b034e4688a2","version":2,"asset_type":"data_asset","name":"complaint_data.csv","mime":"text/csv","datasource_type":"193a97c1-4475-4a19-b90c-295c4fdc6517","object_key":"complaint_data.csv","creator_id":"7bab2e0e-401c-40f4-baf8-ad18f8a7c6b9","create_time":1677181578091,"size":25748661,"is_remote":false,"is_managed":false,"is_referenced":true,"is_object_key_read_only":true,"is_user_provided_path_key":true,"transfer_complete":true,"is_partitioned":false,"complete_time_ticks":1677181578091,"user_data":{},"test_doc":0,"handle":{"bucket":"consumercomplaintsclassification-donotdelete-pr-a9shka7bcyqnns","location":"us-south","type":"bluemix_cos","key":"complaint_data.csv","upload_id":"done","max_part_num":1},"usage":{"access_count":0,"last_accessor_id":"7bab2e0e-401c-40f4-baf8-ad18f8a7c6b9","last_access_time":1677181578091}}]}
