{"metadata":{"asset_id":"016d7dbd-f90b-4deb-9863-877cfb5ae05d","asset_attributes":["environment"],"name":"Text Classification - Watson NLP env","asset_type":"environment","created_at":"2023-02-24T17:40:37Z","description":"","origin_country":"us","owner_id":"IBMid-550003HW96","project_id":"c174df2a-e651-40be-a3df-2a19cb07d7b6","sandbox_id":"c174df2a-e651-40be-a3df-2a19cb07d7b6","size":0,"tags":["dsx"],"usage":{"last_update_time":1677260437814,"last_updated_at":"2023-02-24T17:40:37Z"}},"entity":{"environment":{"sub_type":"notebook","display_name":"Text Classification - Watson NLP env","hardware_specification":{"type":"referenced","guid":"965d72ee-8b13-42cc-8125-56bebeea74d9"},"software_specification":{"type":"referenced","guid":"5e8cddff-db4a-5a6a-b8aa-2d4af9864dab"},"tools_specification":{"supported_kernels":[{"name":"python3","display_name":"Python 3.10","language":"python","version":"3.10"}],"notebook_extensions":[]}}}}
