{"metadata":{"asset_id":"965d72ee-8b13-42cc-8125-56bebeea74d9","asset_attributes":["hardware_specification"],"name":"Text Classification - Watson NLP env","asset_type":"hardware_specification","created_at":"2023-02-24T17:40:37Z","description":"","origin_country":"us","owner_id":"IBMid-550003HW96","project_id":"c174df2a-e651-40be-a3df-2a19cb07d7b6","sandbox_id":"c174df2a-e651-40be-a3df-2a19cb07d7b6","size":0,"tags":["dsx"],"usage":{"last_update_time":1677260437711,"last_updated_at":"2023-02-24T17:40:37Z"}},"entity":{"hardware_specification":{"nodes":{"cpu":{"units":"4","model":""},"mem":{"size":"16Gi"}}}}}
