{"metadata":{"asset_id":"7c113780-1fd1-4616-9c56-c369be1fea75","asset_attributes":["notebook"],"name":"Consumer complaints Classification","asset_type":"notebook","created_at":"2023-02-20T23:36:17Z","description":"","origin_country":"us","owner_id":"IBMid-550003HW96","project_id":"c174df2a-e651-40be-a3df-2a19cb07d7b6","size":3996845,"tags":["notebook"],"usage":{"last_update_time":1677260249319,"last_updated_at":"2023-02-24T17:37:29Z"}},"entity":{"notebook":{"kernel":{"name":"python3","display_name":"Python 3.10","language":"python"},"originates_from":{"type":"file"},"runtime":{"environment":"fd5330fe-e2bb-4250-9bbd-23efc8921958"}},"location_definition":{"physical_location_code":"DAL","physical_location_code_assigned_by":"IBMid-550003HW96","physical_location_code_rds_id":"c57cb90f-2126-3800-9c9f-9eab82021cdf","physical_location_code_rds_version":"00002022-0428-4142-8305-320876000000_2","physical_location_code_assignment_method":"INFERRED","physical_location_code_added_on":"1676936170262"}},"attachments":[{"id":"01ca6b0d-0c99-4c16-a40e-4ad75352ee60","version":2,"asset_type":"notebook","name":"attachment for notebook 7c113780-1fd1-4616-9c56-c369be1fea75","description":"attachment for notebook 7c113780-1fd1-4616-9c56-c369be1fea75","mime":"application/json","datasource_type":"193a97c1-4475-4a19-b90c-295c4fdc6517","object_key":"notebook/Complaint_Data_Text_Classification_unYZLBRAz.ipynb","creator_id":"IBMid-550003HW96","create_time":1676936177591,"size":3996845,"is_remote":false,"is_managed":false,"is_referenced":true,"is_object_key_read_only":false,"is_user_provided_path_key":true,"transfer_complete":true,"is_partitioned":false,"complete_time_ticks":1676936177591,"user_data":{},"test_doc":0,"handle":{"bucket":"consumercomplaintsclassification-donotdelete-pr-a9shka7bcyqnns","location":"us-south","type":"bluemix_cos","key":"notebook/Complaint_Data_Text_Classification_unYZLBRAz.ipynb","upload_id":"done","max_part_num":1},"usage":{"access_count":117,"last_accessor_id":"IBMid-550003HW96","last_access_time":1677260245519,"last_updater_id":"IBMid-550003HW96","last_update_time":1677260245519}}]}
