{"metadata":{"asset_id":"b6edba40-d182-4b59-93d7-3c49aa6036b2","asset_attributes":["notebook"],"name":"PII Extraction - Custom-RBR Models","asset_type":"notebook","created_at":"2023-02-14T04:49:02Z","description":"","origin_country":"us","owner_id":"IBMid-6660029R5X","project_id":"ae1a755d-e162-4f07-9f5a-130d2280e78e","size":10821,"tags":["notebook"],"usage":{"last_update_time":1678185804006,"last_updated_at":"2023-03-07T10:43:24Z"}},"entity":{"notebook":{"kernel":{"name":"python3","display_name":"Python 3.10","language":"python"},"originates_from":{"type":"notebook","guid":"22a1eeb1-eac3-490a-90c4-15310476fd42"},"runtime":{"environment":"e0e173e4-5dde-415d-9911-205a2d308d1c"}},"location_definition":{"physical_location_code":"DAL","physical_location_code_assigned_by":"IBMid-6660029R5X","physical_location_code_rds_id":"c57cb90f-2126-3800-9c9f-9eab82021cdf","physical_location_code_rds_version":"00002022-0428-4142-8305-320876000000_2","physical_location_code_assignment_method":"INFERRED","physical_location_code_added_on":"1676350144259"}},"attachments":[{"id":"0c8b8678-2579-427e-b8d1-15372db8eb73","version":2,"asset_type":"notebook","name":"attachment for notebook b6edba40-d182-4b59-93d7-3c49aa6036b2","description":"attachment for notebook b6edba40-d182-4b59-93d7-3c49aa6036b2","mime":"application/json","datasource_type":"193a97c1-4475-4a19-b90c-295c4fdc6517","object_key":"notebook/PII_Extraction_-_Pre-Trained_Models_copy_gN6m2CZU-.ipynb","creator_id":"IBMid-6660029R5X","create_time":1676350144264,"size":10821,"is_remote":false,"is_managed":false,"is_referenced":true,"is_object_key_read_only":false,"is_user_provided_path_key":true,"transfer_complete":true,"is_partitioned":false,"complete_time_ticks":1676350144264,"user_data":{},"test_doc":0,"handle":{"bucket":"watsoncore-donotdelete-pr-olkxvfa8bk0pb1","location":"us-geo","type":"bluemix_cos","key":"notebook/PII_Extraction_-_Pre-Trained_Models_copy_gN6m2CZU-.ipynb","upload_id":"done","max_part_num":1},"usage":{"access_count":72,"last_accessor_id":"IBMid-6660029R5X","last_access_time":1678185804002,"last_updater_id":"IBMid-6660029R5X","last_update_time":1678185804002}}]}
