{"metadata":{"asset_id":"7b9cbbdc-8b06-46ec-a23e-651db7109fbf","asset_attributes":["data_asset","location_definition"],"name":"emotion-tweets.csv","asset_type":"data_asset","created_at":"2023-02-10T18:19:53Z","origin_country":"us","owner_id":"IBMid-550003HW96","project_id":"37624250-8289-44b0-a592-f02cd9107261","size":733371,"usage":{"last_update_time":1676053194076,"last_updated_at":"2023-02-10T18:19:54Z"}},"entity":{"data_asset":{"mime_type":"text/csv","dataset":false},"location_definition":{"physical_location_code":"DAL","physical_location_code_assigned_by":"IBMid-550004YTNH","physical_location_code_rds_id":"c57cb90f-2126-3800-9c9f-9eab82021cdf","physical_location_code_rds_version":"00002022-0428-4142-8305-320876000000_2","physical_location_code_assignment_method":"INFERRED","physical_location_code_added_on":"1660263827533"}},"attachments":[{"id":"764c582e-aec2-4519-bdec-c2fb800a673a","version":2,"asset_type":"data_asset","name":"emotion-tweets.csv","mime":"text/csv","datasource_type":"193a97c1-4475-4a19-b90c-295c4fdc6517","object_key":"emotion-tweets.csv","creator_id":"iam-ServiceId-f49c5558-c247-4983-a04f-7d3c7a3d55da","create_time":1676053193945,"size":733371,"is_remote":false,"is_managed":false,"is_referenced":true,"is_object_key_read_only":false,"is_user_provided_path_key":true,"transfer_complete":true,"is_partitioned":false,"complete_time_ticks":1676053193945,"user_data":{},"test_doc":0,"handle":{"bucket":"emotionclassificationtestenvwithz-donotdelete-pr-trwh3cl6wuizdt","location":"us-geo","type":"bluemix_cos","key":"emotion-tweets.csv","upload_id":"done","max_part_num":1},"usage":{"access_count":0,"last_accessor_id":"iam-ServiceId-f49c5558-c247-4983-a04f-7d3c7a3d55da","last_access_time":1676053193945}}]}
