{"metadata":{"asset_id":"637db0d4-d445-44d1-83a0-306ae916ca9c","asset_attributes":["environment"],"name":"Watson NLP","asset_type":"environment","created_at":"2023-02-10T18:19:54Z","description":"","origin_country":"us","owner_id":"IBMid-550003HW96","project_id":"37624250-8289-44b0-a592-f02cd9107261","sandbox_id":"37624250-8289-44b0-a592-f02cd9107261","size":0,"tags":["dsx"],"usage":{"last_update_time":1676053194402,"last_updated_at":"2023-02-10T18:19:54Z"}},"entity":{"environment":{"sub_type":"notebook","display_name":"Watson NLP","hardware_specification":{"type":"referenced","guid":"e32c504d-e367-4595-8139-5b50394fa0f8"},"software_specification":{"type":"referenced","guid":"5e8cddff-db4a-5a6a-b8aa-2d4af9864dab"},"tools_specification":{"supported_kernels":[{"name":"python3","display_name":"Python 3.10","language":"python","version":"3.10"}],"notebook_extensions":[]}}}}
