{"metadata":{"asset_id":"e32c504d-e367-4595-8139-5b50394fa0f8","asset_attributes":["hardware_specification"],"name":"Watson NLP","asset_type":"hardware_specification","created_at":"2023-02-10T18:19:53Z","description":"","origin_country":"us","owner_id":"IBMid-550003HW96","project_id":"37624250-8289-44b0-a592-f02cd9107261","sandbox_id":"37624250-8289-44b0-a592-f02cd9107261","size":0,"tags":["dsx"],"usage":{"last_update_time":1676053193475,"last_updated_at":"2023-02-10T18:19:53Z"}},"entity":{"hardware_specification":{"nodes":{"cpu":{"units":"4","model":""},"mem":{"size":"16Gi"}}}}}
