{"metadata":{"asset_id":"97bea190-786b-41f7-af23-844ffa07bad2","asset_attributes":["notebook"],"name":"Emotion Classification - Pre-Trained Models","asset_type":"notebook","created_at":"2023-01-31T22:58:39Z","description":"","origin_country":"us","owner_id":"IBMid-550003HW96","project_id":"150980fa-9192-4705-8d88-ee249419f403","size":81516,"tags":["notebook"],"usage":{"last_update_time":1675207375231,"last_updated_at":"2023-01-31T23:22:55Z"}},"entity":{"notebook":{"kernel":{"name":"python3","display_name":"Python 3.10","language":"python"},"originates_from":{"type":"blank"},"runtime":{"environment":"b65f4a71-6669-4fee-a5ae-b4b6e4822386"}},"location_definition":{"physical_location_code":"DAL","physical_location_code_assigned_by":"IBMid-55000ASSBW","physical_location_code_rds_id":"c57cb90f-2126-3800-9c9f-9eab82021cdf","physical_location_code_rds_version":"00002022-0721-4230-8050-254554000000_2","physical_location_code_assignment_method":"INFERRED","physical_location_code_added_on":"1675102065400"}},"attachments":[{"id":"8fa0adfb-666c-431e-bba6-7f45f5559f25","version":2,"asset_type":"notebook","name":"attachment for notebook 97bea190-786b-41f7-af23-844ffa07bad2","description":"attachment for notebook 97bea190-786b-41f7-af23-844ffa07bad2","mime":"application/json","datasource_type":"193a97c1-4475-4a19-b90c-295c4fdc6517","object_key":"notebook/Emotion_Classification_-_Pre-Trained_Models_H6dgNP8jH.ipynb","creator_id":"IBMid-550003HW96","create_time":1675205920587,"size":81516,"is_remote":false,"is_managed":false,"is_referenced":true,"is_object_key_read_only":false,"is_user_provided_path_key":true,"transfer_complete":true,"is_partitioned":false,"complete_time_ticks":1675205920587,"user_data":{},"test_doc":0,"handle":{"bucket":"emotionclassificationstkg6lru-donotdelete-pr-wzdgo52gdipspd","location":"us-geo","type":"bluemix_cos","key":"notebook/Emotion_Classification_-_Pre-Trained_Models_H6dgNP8jH.ipynb","upload_id":"done","max_part_num":1},"usage":{"access_count":5,"last_accessor_id":"IBMid-550003HW96","last_access_time":1675207375229,"last_updater_id":"IBMid-550003HW96","last_update_time":1675207375229}}]}
