{"metadata":{"asset_id":"084fcc24-4659-4684-b873-0dd92e8aa3d2","asset_attributes":["notebook"],"name":"Emotion Classification - Pre-Trained Models","asset_type":"notebook","created_at":"2022-07-12T16:01:26Z","description":"","origin_country":"us","owner_id":"IBMid-550004YTNH","project_id":"ae1a755d-e162-4f07-9f5a-130d2280e78e","size":107248,"tags":["notebook"],"usage":{"last_update_time":1663974396168,"last_updated_at":"2022-09-23T23:06:36Z"}},"entity":{"notebook":{"kernel":{"name":"python3","display_name":"Python 3.9","language":"python"},"originates_from":{"type":"blank"},"runtime":{"environment":"031d4c1a-e39c-4b20-bee3-001389659c0f"}}},"attachments":[{"id":"02efdf6e-ff58-4a8b-a580-0eba33f67da3","version":2,"asset_type":"notebook","name":"attachment for notebook 084fcc24-4659-4684-b873-0dd92e8aa3d2","description":"attachment for notebook 084fcc24-4659-4684-b873-0dd92e8aa3d2","mime":"application/json","datasource_type":"193a97c1-4475-4a19-b90c-295c4fdc6517","object_key":"notebook/Emotion_Classification_tA0f9oBR-.ipynb","creator_id":"IBMid-550004YTNH","create_time":1657641687312,"size":107248,"is_remote":false,"is_managed":false,"is_referenced":true,"is_object_key_read_only":false,"is_user_provided_path_key":true,"transfer_complete":true,"is_partitioned":false,"complete_time_ticks":1657641687312,"user_data":{},"test_doc":0,"handle":{"bucket":"watsoncore-donotdelete-pr-olkxvfa8bk0pb1","location":"us-geo","key":"notebook/Emotion_Classification_tA0f9oBR-.ipynb","upload_id":"done","max_part_num":1},"usage":{"access_count":318,"last_accessor_id":"IBMid-550003HW96","last_access_time":1663974396165,"last_updater_id":"IBMid-550003HW96","last_update_time":1663974396165}}]}
