{"metadata":{"asset_id":"d4c84058-5b0c-4da2-9e77-6f65c435166c","asset_attributes":["notebook"],"name":"Emotion Classification - Pre-Trained Models","asset_type":"notebook","created_at":"2023-02-10T18:19:55Z","description":"","origin_country":"us","owner_id":"IBMid-550003HW96","project_id":"37624250-8289-44b0-a592-f02cd9107261","size":81359,"tags":["notebook"],"usage":{"last_update_time":1676301168204,"last_updated_at":"2023-02-13T15:12:48Z"}},"entity":{"notebook":{"kernel":{"name":"python3","display_name":"Python 3.10","language":"python"},"originates_from":{"type":"file"},"runtime":{"environment":"637db0d4-d445-44d1-83a0-306ae916ca9c"}},"location_definition":{"physical_location_code":"DAL","physical_location_code_assigned_by":"IBMid-550003HW96","physical_location_code_rds_id":"c57cb90f-2126-3800-9c9f-9eab82021cdf","physical_location_code_rds_version":"00002022-0428-4142-8305-320876000000_2","physical_location_code_assignment_method":"INFERRED","physical_location_code_added_on":"1676053185002"}},"attachments":[{"id":"54e9cf49-64fe-42d5-be5f-fc586dc4d38f","version":2,"asset_type":"notebook","name":"attachment for notebook d4c84058-5b0c-4da2-9e77-6f65c435166c","description":"attachment for notebook d4c84058-5b0c-4da2-9e77-6f65c435166c","mime":"application/json","datasource_type":"193a97c1-4475-4a19-b90c-295c4fdc6517","object_key":"notebook/Emotion_Classification_-_Pre-Trained_Models_H6dgNP8jH.ipynb","creator_id":"IBMid-550003HW96","create_time":1676053195554,"size":81359,"is_remote":false,"is_managed":false,"is_referenced":true,"is_object_key_read_only":false,"is_user_provided_path_key":true,"transfer_complete":true,"is_partitioned":false,"complete_time_ticks":1676053195554,"user_data":{},"test_doc":0,"handle":{"bucket":"emotionclassificationtestenvwithz-donotdelete-pr-trwh3cl6wuizdt","location":"us-geo","type":"bluemix_cos","key":"notebook/Emotion_Classification_-_Pre-Trained_Models_H6dgNP8jH.ipynb","upload_id":"done","max_part_num":1},"usage":{"access_count":4,"last_accessor_id":"IBMid-550003HW96","last_access_time":1676301025335,"last_updater_id":"IBMid-550003HW96","last_update_time":1676301025335}}]}
