{"metadata":{"asset_id":"611dcabe-1574-403c-ada1-1f1947e904f3","asset_attributes":["notebook"],"name":"Emotion Classification - Custom Model Training","asset_type":"notebook","created_at":"2023-01-30T18:08:41Z","description":"","origin_country":"us","owner_id":"IBMid-55000ASSBW","project_id":"150980fa-9192-4705-8d88-ee249419f403","size":75272,"tags":["notebook"],"usage":{"last_update_time":1675207817782,"last_updated_at":"2023-01-31T23:30:17Z"}},"entity":{"notebook":{"kernel":{"name":"python3","display_name":"Python 3.10","language":"python"},"originates_from":{"type":"file"},"runtime":{"environment":"b65f4a71-6669-4fee-a5ae-b4b6e4822386"}},"location_definition":{"physical_location_code":"DAL","physical_location_code_assigned_by":"IBMid-55000ASSBW","physical_location_code_rds_id":"c57cb90f-2126-3800-9c9f-9eab82021cdf","physical_location_code_rds_version":"00002022-0721-4230-8050-254554000000_2","physical_location_code_assignment_method":"INFERRED","physical_location_code_added_on":"1675102065400"}},"attachments":[{"id":"af4a9dc0-bd4b-4c20-b440-5ca48e78f7a8","version":2,"asset_type":"notebook","name":"attachment for notebook 611dcabe-1574-403c-ada1-1f1947e904f3","description":"attachment for notebook 611dcabe-1574-403c-ada1-1f1947e904f3","mime":"application/json","datasource_type":"193a97c1-4475-4a19-b90c-295c4fdc6517","object_key":"notebook/Emotion_Classification_copy_WtADn4bKf.ipynb","creator_id":"IBMid-55000ASSBW","create_time":1675102121912,"size":75272,"is_remote":false,"is_managed":false,"is_referenced":true,"is_object_key_read_only":false,"is_user_provided_path_key":true,"transfer_complete":true,"is_partitioned":false,"complete_time_ticks":1675102121912,"user_data":{},"test_doc":0,"handle":{"bucket":"emotionclassificationstkg6lru-donotdelete-pr-wzdgo52gdipspd","location":"us-geo","type":"bluemix_cos","key":"notebook/Emotion_Classification_copy_WtADn4bKf.ipynb","upload_id":"done","max_part_num":1},"usage":{"access_count":36,"last_accessor_id":"IBMid-550003HW96","last_access_time":1675207814558,"last_updater_id":"IBMid-550003HW96","last_update_time":1675207814558}}]}
