{"metadata":{"asset_id":"bd845e59-3a62-4c9c-a10f-6291546776bd","asset_attributes":["notebook"],"name":"Sentiment Analysis - Pre-Trained models","asset_type":"notebook","created_at":"2022-09-09T16:27:32Z","description":"","origin_country":"us","owner_id":"IBMid-550003HW96","project_id":"ae1a755d-e162-4f07-9f5a-130d2280e78e","size":2556801,"tags":["notebook"],"usage":{"last_update_time":1665007482915,"last_updated_at":"2022-10-05T22:04:42Z"}},"entity":{"notebook":{"kernel":{"name":"python3","display_name":"Python 3.9","language":"python"},"originates_from":{"type":"blank"},"runtime":{"environment":"9f165e49-a80f-4b6d-94fc-7269f9ef223c"}},"location_definition":{"physical_location_code":"DAL","physical_location_code_assigned_by":"IBMid-550003HW96","physical_location_code_rds_id":"c57cb90f-2126-3800-9c9f-9eab82021cdf","physical_location_code_rds_version":"00002022-0428-4142-8305-320876000000_2","physical_location_code_assignment_method":"INFERRED","physical_location_code_added_on":"1662740853120"}},"attachments":[{"id":"04b39581-72ae-429d-b0fd-504ac42efbd9","version":2,"asset_type":"notebook","name":"attachment for notebook bd845e59-3a62-4c9c-a10f-6291546776bd","description":"attachment for notebook bd845e59-3a62-4c9c-a10f-6291546776bd","mime":"application/json","datasource_type":"193a97c1-4475-4a19-b90c-295c4fdc6517","object_key":"notebook/Sentiment_Analysis_-_Pre-Trained_models_pkgwYlZUw.ipynb","creator_id":"IBMid-550003HW96","create_time":1662740853121,"size":2556801,"is_remote":false,"is_managed":false,"is_referenced":true,"is_object_key_read_only":false,"is_user_provided_path_key":true,"transfer_complete":true,"is_partitioned":false,"complete_time_ticks":1662740853121,"user_data":{},"test_doc":0,"handle":{"bucket":"watsoncore-donotdelete-pr-olkxvfa8bk0pb1","location":"us-geo","type":"bluemix_cos","key":"notebook/Sentiment_Analysis_-_Pre-Trained_models_pkgwYlZUw.ipynb","upload_id":"done","max_part_num":1},"usage":{"access_count":116,"last_accessor_id":"IBMid-550004YTNH","last_access_time":1665007482914,"last_updater_id":"IBMid-550004YTNH","last_update_time":1665007482914}}]}
