{"metadata":{"asset_id":"7b8f158b-9390-4a24-a1db-b690cd61bc88","asset_attributes":["data_asset"],"name":"Hotel_Reviews.csv","asset_type":"data_asset","created_at":"2022-08-30T18:05:52Z","origin_country":"us","owner_id":"IBMid-550004YTNH","project_id":"ae1a755d-e162-4f07-9f5a-130d2280e78e","size":238154765,"usage":{"last_update_time":1661882752741,"last_updated_at":"2022-08-30T18:05:52Z"}},"entity":{"data_asset":{"mime_type":"text/csv","dataset":false},"location_definition":{"physical_location_code_assignment_method":"INFERRED","physical_location_code":"DAL","physical_location_code_assigned_by":"IBMid-550004YTNH","physical_location_code_added_on":"1661882753366","physical_location_code_rds_version":"00002022-0428-4142-8305-320876000000_2","physical_location_code_rds_id":"c57cb90f-2126-3800-9c9f-9eab82021cdf"}},"attachments":[{"id":"4a2fd006-46de-4a0f-955d-5b564875d082","version":2,"asset_type":"data_asset","name":"Hotel_Reviews.csv","mime":"text/csv","datasource_type":"193a97c1-4475-4a19-b90c-295c4fdc6517","object_key":"Hotel_Reviews.csv","creator_id":"IBMid-550004YTNH","create_time":1661882753368,"size":238154765,"is_remote":false,"is_managed":false,"is_referenced":true,"is_object_key_read_only":true,"is_user_provided_path_key":true,"transfer_complete":true,"is_partitioned":false,"complete_time_ticks":1661882753368,"user_data":{},"test_doc":0,"handle":{"bucket":"watsoncore-donotdelete-pr-olkxvfa8bk0pb1","location":"us-geo","type":"bluemix_cos","key":"Hotel_Reviews.csv","upload_id":"done","max_part_num":1},"usage":{"access_count":0,"last_accessor_id":"IBMid-550004YTNH","last_access_time":1661882753368}}]}
