{"description":"An asset that represents the stored procedure structure in the physical model","fields":[],"relationships":[],"properties":{"parameters":{"type":"string","description":"List of stored procedure parameters","is_array":true},"source_code":{"type":"string","description":"The script defining the logic for the stored procedure","label":{"default":"Source Code","en":"Source Code"}},"notes":{"type":"string","description":"Free form textual notes that a user can add"}},"localized_metadata_attributes":{"name":{"default":"Physical model stored procedure","en":"Physical model stored procedure"}},"global_search_searchable":[],"attribute_only":false,"allow_decorators":true,"version":1,"name":"ibm_physical_model_stored_procedure","scope":"GLOBAL"}
