{"description":"A design schema for information assets","fields":[],"relationships":[],"properties":{"description":{"type":"string","description":"Text description of the schema used as a comment"},"notes":{"type":"string","description":"Free form textual notes that a user can add"}},"localized_metadata_attributes":{"name":{"default":"Physical model schema","en":"Physical model schema"}},"global_search_searchable":[],"attribute_only":false,"allow_decorators":true,"version":1,"name":"ibm_physical_model_schema","scope":"GLOBAL"}
