{"description":"Attribute of a logical data model entity","fields":[],"relationships":[],"properties":{"primary_key":{"type":"bool","description":"Whether the attribute is part of the PK defined for the owning entity","label":{"default":"Primary Key","en":"Primary Key"}},"data_domain":{"type":"string","description":"A database column data type or a user-defined data type"},"required":{"type":"bool","description":"Information about whether the attribute is optional vs mandatory"},"default_value":{"type":"string","description":"A value that the column based on this attribute is automatically prepopulated when a new record is inserted","label":{"default":"Default Value","en":"Default Value"}},"derived":{"type":"bool","description":"Information about whether the value for column based on this attribute is calculated from other columns or not"},"persistent":{"type":"bool","description":"Information about whether the LDM attribute is intended to be persisted when transformed to column or is meant to be only in logical model"},"surrogate_key":{"type":"bool","description":"Information about whether the LDM attribute is intended to be persisted when transformed to column or is meant to be only in logical model","label":{"default":"Surrogate Key","en":"Surrogate Key"}},"sequence_number":{"type":"integer","description":"The ordinal number of attribute within the entity","label":{"default":"Sequence Number","en":"Sequence Number"}},"notes":{"type":"string"}},"localized_metadata_attributes":{"name":{"default":"Logical model attribute","en":"Logical model attribute"}},"global_search_searchable":[],"attribute_only":false,"allow_decorators":true,"version":1,"name":"ibm_logical_model_attribute","scope":"GLOBAL"}
