{"description":"A design schema for information assets","fields":[],"relationships":[],"properties":{"description":{"type":"string","description":"Text description of the table used as a comment"},"select_statement":{"type":"string","description":"The SQL query that defines the view","label":{"default":"Select Statement","en":"Select Statement"}},"notes":{"type":"string","description":"Free form textual notes that a user can add"}},"localized_metadata_attributes":{"name":{"default":"Physical model view","en":"Physical model view"}},"global_search_searchable":[],"attribute_only":false,"allow_decorators":true,"version":1,"name":"ibm_physical_model_view","scope":"GLOBAL"}
