{"description":"Cobol Copybook Asset Type","fields":[{"key":"name","type":"string","facet":false,"is_array":false,"search_path":"columns[].name","is_searchable_across_types":false},{"key":"colname","type":"string","facet":false,"is_array":false,"search_path":"columns[].colname","is_searchable_across_types":false},{"key":"level","type":"string","facet":false,"is_array":false,"search_path":"columns[].level","is_searchable_across_types":false},{"key":"line_type","type":"string","facet":false,"is_array":false,"search_path":"columns[].line_type","is_searchable_across_types":false},{"key":"extract_input_from","type":"string","facet":false,"is_array":false,"search_path":"extract.input.from","is_searchable_across_types":false}],"external_asset_preview":{},"relationships":[],"properties":{"defines":{"type":"string","max_length":50},"syntax":{"type":"string","max_length":50},"residence":{"type":"object","properties":{"dsname":{"type":"string","max_length":50},"lastmod":{"type":"string","required":true,"max_length":21},"member":{"type":"string","minimum":8},"user":{"type":"string","minimum":8}}},"extract":{"type":"object","properties":{"input":{"type":"object","properties":{"from":{"type":"string","max_length":50}}}}}},"global_search_searchable":[],"attribute_only":false,"version":1,"name":"cobol_copybook","scope":"GLOBAL","allow_decorators":true}
