{"description":"OMRS asset type","fields":[{"key":"entity1.omrs_guid","type":"string","facet":false,"is_array":false,"is_searchable_across_types":false},{"key":"entity2.omrs_guid","type":"string","facet":false,"is_array":false,"is_searchable_across_types":false},{"key":"omrs_type","type":"string","facet":true,"is_array":false,"is_searchable_across_types":false}],"external_asset_preview":{},"relationships":[],"localized_metadata_attributes":{"name":{"default":"OMRS relationship message","en":"OMRS relationship message"}},"global_search_searchable":[],"attribute_only":false,"version":2,"name":"omrs_relationship_message","scope":"GLOBAL","allow_decorators":false}
