{"metadata":{"asset_id":"1f88a99b-7700-42cf-b642-9740f53a0bbf","asset_attributes":["data_asset"],"name":"movies_small.csv","asset_type":"data_asset","created_at":"2022-07-11T21:05:31Z","origin_country":"us","owner_id":"IBMid-550003HW96","project_id":"ae1a755d-e162-4f07-9f5a-130d2280e78e","size":13202478,"usage":{"last_update_time":1657573531088,"last_updated_at":"2022-07-11T21:05:31Z"}},"entity":{"data_asset":{"mime_type":"text/csv","dataset":false}},"attachments":[{"id":"a080cbd4-8747-46d5-beff-ce3b8ebd20ec","version":2,"asset_type":"data_asset","name":"movies_small.csv","mime":"text/csv","datasource_type":"193a97c1-4475-4a19-b90c-295c4fdc6517","object_key":"movies_small.csv","creator_id":"IBMid-550003HW96","create_time":1657573531690,"size":13202478,"is_remote":false,"is_managed":false,"is_referenced":true,"is_object_key_read_only":true,"is_user_provided_path_key":true,"transfer_complete":true,"is_partitioned":false,"complete_time_ticks":1657573531690,"user_data":{},"test_doc":0,"handle":{"bucket":"watsoncore-donotdelete-pr-olkxvfa8bk0pb1","location":"us-geo","key":"movies_small.csv","upload_id":"done","max_part_num":1},"usage":{"access_count":0,"last_accessor_id":"IBMid-550003HW96","last_access_time":1657573531690}}]}
