{"metadata":{"asset_id":"19f17e59-7ac6-4e9d-a38b-9b2303f976ef","asset_attributes":["data_asset"],"name":"movies_small.csv","asset_type":"data_asset","created_at":"2022-08-11T17:09:06Z","origin_country":"us","owner_id":"IBMid-55000ASSBW","project_id":"93644f85-2490-4aed-b6f4-7998eb27886f","size":13202478,"usage":{"last_update_time":1660237747706,"last_updated_at":"2022-08-11T17:09:07Z"}},"entity":{"data_asset":{"mime_type":"text/csv","dataset":false},"location_definition":{"physical_location_code":"DAL","physical_location_code_assigned_by":"IBMid-55000ASSBW","physical_location_code_rds_id":"c57cb90f-2126-3800-9c9f-9eab82021cdf","physical_location_code_rds_version":"00002022-0721-4230-8050-254554000000_2","physical_location_code_assignment_method":"INFERRED","physical_location_code_added_on":"1660237730337"}},"attachments":[{"id":"59a9b942-a663-4a67-8e46-7098207c7cef","version":2,"asset_type":"data_asset","name":"movies_small.csv","mime":"text/csv","datasource_type":"193a97c1-4475-4a19-b90c-295c4fdc6517","object_key":"movies_small.csv","creator_id":"iam-ServiceId-f49c5558-c247-4983-a04f-7d3c7a3d55da","create_time":1660237747607,"size":13202478,"is_remote":false,"is_managed":false,"is_referenced":true,"is_object_key_read_only":false,"is_user_provided_path_key":true,"transfer_complete":true,"is_partitioned":false,"complete_time_ticks":1660237747607,"user_data":{},"test_doc":0,"handle":{"bucket":"sentimentanalysisjwiotq93-donotdelete-pr-k6ydd5caxhebih","location":"us-geo","key":"movies_small.csv","upload_id":"done","max_part_num":1},"usage":{"access_count":0,"last_accessor_id":"iam-ServiceId-f49c5558-c247-4983-a04f-7d3c7a3d55da","last_access_time":1660237747607}}]}
