{"metadata":{"asset_id":"e601d945-ede8-4662-b256-3fafc28b7913","asset_attributes":["notebook"],"name":"Sentiment Analysis - Model Training","asset_type":"notebook","created_at":"2022-08-31T20:30:57Z","description":"","origin_country":"us","owner_id":"IBMid-550003HW96","project_id":"ae1a755d-e162-4f07-9f5a-130d2280e78e","size":45905,"tags":["notebook"],"usage":{"last_update_time":1663059293808,"last_updated_at":"2022-09-13T08:54:53Z"}},"entity":{"notebook":{"kernel":{"name":"python3","display_name":"Python 3.9","language":"python"},"originates_from":{"type":"blank"},"runtime":{"environment":"9f165e49-a80f-4b6d-94fc-7269f9ef223c"}},"location_definition":{"physical_location_code":"DAL","physical_location_code_assigned_by":"IBMid-550003HW96","physical_location_code_rds_id":"c57cb90f-2126-3800-9c9f-9eab82021cdf","physical_location_code_rds_version":"00002022-0428-4142-8305-320876000000_2","physical_location_code_assignment_method":"INFERRED","physical_location_code_added_on":"1661977858112"}},"attachments":[{"id":"bc99f399-d936-43c6-b3cc-b1f4408aa6e0","version":2,"asset_type":"notebook","name":"attachment for notebook e601d945-ede8-4662-b256-3fafc28b7913","description":"attachment for notebook e601d945-ede8-4662-b256-3fafc28b7913","mime":"application/json","datasource_type":"193a97c1-4475-4a19-b90c-295c4fdc6517","object_key":"notebook/Sentiment_Analysis_-_Model_Training_OkboSsT83.ipynb","creator_id":"IBMid-550003HW96","create_time":1661977858115,"size":45905,"is_remote":false,"is_managed":false,"is_referenced":true,"is_object_key_read_only":false,"is_user_provided_path_key":true,"transfer_complete":true,"is_partitioned":false,"complete_time_ticks":1661977858115,"user_data":{},"test_doc":0,"handle":{"bucket":"watsoncore-donotdelete-pr-olkxvfa8bk0pb1","location":"us-geo","type":"bluemix_cos","key":"notebook/Sentiment_Analysis_-_Model_Training_OkboSsT83.ipynb","upload_id":"done","max_part_num":1},"usage":{"access_count":11,"last_accessor_id":"IBMid-664003O4O6","last_access_time":1663059277806,"last_updater_id":"IBMid-664003O4O6","last_update_time":1663059277806}}]}
