{"metadata":{"asset_id":"e11afa03-130d-4d59-bece-84e8d701aec3","asset_attributes":["notebook"],"name":"OOB sentiment analysis model","asset_type":"notebook","created_at":"2022-07-12T23:30:13Z","description":"","origin_country":"us","owner_id":"IBMid-550003HW96","project_id":"ae1a755d-e162-4f07-9f5a-130d2280e78e","size":609515,"tags":["notebook"],"usage":{"last_update_time":1659377204471,"last_updated_at":"2022-08-01T18:06:44Z"}},"entity":{"notebook":{"kernel":{"name":"python3","display_name":"Python 3.8 Watson NLP","language":"python"},"originates_from":{"type":"blank"},"runtime":{"environment":"8c995ed9-5766-4759-8f06-d31e0d44e34e"}}},"attachments":[{"id":"f388a1df-0c11-47c7-ad3b-f25a66133a07","version":2,"asset_type":"notebook","name":"attachment for notebook e11afa03-130d-4d59-bece-84e8d701aec3","description":"attachment for notebook e11afa03-130d-4d59-bece-84e8d701aec3","mime":"application/json","datasource_type":"193a97c1-4475-4a19-b90c-295c4fdc6517","object_key":"notebook/OOB_sentiment_analysis_model_nsR0vi_h-.ipynb","creator_id":"IBMid-550003HW96","create_time":1657668614258,"size":609515,"is_remote":false,"is_managed":false,"is_referenced":true,"is_object_key_read_only":false,"is_user_provided_path_key":true,"transfer_complete":true,"is_partitioned":false,"complete_time_ticks":1657668614258,"user_data":{},"test_doc":0,"handle":{"bucket":"watsoncore-donotdelete-pr-olkxvfa8bk0pb1","location":"us-geo","key":"notebook/OOB_sentiment_analysis_model_nsR0vi_h-.ipynb","upload_id":"done","max_part_num":1},"usage":{"access_count":103,"last_accessor_id":"IBMid-550003HW96","last_access_time":1659377201617,"last_updater_id":"IBMid-550003HW96","last_update_time":1659377201617}}]}
