{"metadata":{"asset_id":"345732ae-e7f1-4c81-946a-c0a92d8e2503","asset_attributes":["notebook"],"name":"Sentiment Analysis - Pre-trained model","asset_type":"notebook","created_at":"2022-08-11T17:09:09Z","description":"","origin_country":"us","owner_id":"IBMid-55000ASSBW","project_id":"93644f85-2490-4aed-b6f4-7998eb27886f","size":2960754,"tags":["notebook"],"usage":{"last_update_time":1660327903315,"last_updated_at":"2022-08-12T18:11:43Z"}},"entity":{"notebook":{"kernel":{"name":"python3","display_name":"Python 3.9","language":"python"},"originates_from":{"type":"file"},"runtime":{"environment":"1bba4661-ba8d-41c0-af55-11e951a74baf"}},"location_definition":{"physical_location_code":"DAL","physical_location_code_assigned_by":"IBMid-55000ASSBW","physical_location_code_rds_id":"c57cb90f-2126-3800-9c9f-9eab82021cdf","physical_location_code_rds_version":"00002022-0721-4230-8050-254554000000_2","physical_location_code_assignment_method":"INFERRED","physical_location_code_added_on":"1660237730337"}},"attachments":[{"id":"b3fd55d5-9f9a-40c1-b2cb-377607d21e66","version":2,"asset_type":"notebook","name":"attachment for notebook 345732ae-e7f1-4c81-946a-c0a92d8e2503","description":"attachment for notebook 345732ae-e7f1-4c81-946a-c0a92d8e2503","mime":"application/json","datasource_type":"193a97c1-4475-4a19-b90c-295c4fdc6517","object_key":"notebook/OOB_sentiment_analysis_model_nsR0vi_h-.ipynb","creator_id":"IBMid-55000ASSBW","create_time":1660237749839,"size":2960754,"is_remote":false,"is_managed":false,"is_referenced":true,"is_object_key_read_only":false,"is_user_provided_path_key":true,"transfer_complete":true,"is_partitioned":false,"complete_time_ticks":1660237749839,"user_data":{},"test_doc":0,"handle":{"bucket":"sentimentanalysisjwiotq93-donotdelete-pr-k6ydd5caxhebih","location":"us-geo","key":"notebook/OOB_sentiment_analysis_model_nsR0vi_h-.ipynb","upload_id":"done","max_part_num":1},"usage":{"access_count":43,"last_accessor_id":"IBMid-550003HW96","last_access_time":1660327898187,"last_updater_id":"IBMid-550003HW96","last_update_time":1660327898187}}]}
