{"metadata":{"asset_id":"89deaf1c-dad0-4047-b2c0-9e2cd9db2e06","asset_attributes":["notebook"],"name":"Sentiment Analysis - Model Training","asset_type":"notebook","created_at":"2022-08-11T17:09:09Z","description":"","origin_country":"us","owner_id":"IBMid-55000ASSBW","project_id":"93644f85-2490-4aed-b6f4-7998eb27886f","size":737689,"tags":["notebook"],"usage":{"last_update_time":1660327878111,"last_updated_at":"2022-08-12T18:11:18Z"}},"entity":{"notebook":{"kernel":{"name":"python3","display_name":"Python 3.9","language":"python"},"originates_from":{"type":"file"},"runtime":{"environment":"b5e8c73a-3ddc-4d9a-b244-3f8c5e721aa0"}},"location_definition":{"physical_location_code":"DAL","physical_location_code_assigned_by":"IBMid-55000ASSBW","physical_location_code_rds_id":"c57cb90f-2126-3800-9c9f-9eab82021cdf","physical_location_code_rds_version":"00002022-0721-4230-8050-254554000000_2","physical_location_code_assignment_method":"INFERRED","physical_location_code_added_on":"1660237730337"}},"attachments":[{"id":"f1f4192e-39a6-4ffa-b987-e1a1aa0e0431","version":2,"asset_type":"notebook","name":"attachment for notebook 89deaf1c-dad0-4047-b2c0-9e2cd9db2e06","description":"attachment for notebook 89deaf1c-dad0-4047-b2c0-9e2cd9db2e06","mime":"application/json","datasource_type":"193a97c1-4475-4a19-b90c-295c4fdc6517","object_key":"notebook/Training_sentiment_analysis_model_sMc2OlITd.ipynb","creator_id":"IBMid-55000ASSBW","create_time":1660237750498,"size":737689,"is_remote":false,"is_managed":false,"is_referenced":true,"is_object_key_read_only":false,"is_user_provided_path_key":true,"transfer_complete":true,"is_partitioned":false,"complete_time_ticks":1660237750498,"user_data":{},"test_doc":0,"handle":{"bucket":"sentimentanalysisjwiotq93-donotdelete-pr-k6ydd5caxhebih","location":"us-geo","key":"notebook/Training_sentiment_analysis_model_sMc2OlITd.ipynb","upload_id":"done","max_part_num":1},"usage":{"access_count":17,"last_accessor_id":"IBMid-550003HW96","last_access_time":1660327873167,"last_updater_id":"IBMid-550003HW96","last_update_time":1660327873167}}]}
