{"metadata":{"asset_id":"9a171a0a-2bfc-4ee2-9efa-280208271ccc","asset_attributes":["data_asset"],"name":"emotion-tweets.csv","asset_type":"data_asset","created_at":"2022-08-12T00:23:46Z","origin_country":"us","owner_id":"IBMid-550004YTNH","project_id":"ae1a755d-e162-4f07-9f5a-130d2280e78e","size":733371,"usage":{"last_update_time":1660263826405,"last_updated_at":"2022-08-12T00:23:46Z"}},"entity":{"data_asset":{"mime_type":"text/csv","dataset":false},"location_definition":{"physical_location_code_assignment_method":"INFERRED","physical_location_code":"DAL","physical_location_code_assigned_by":"IBMid-550004YTNH","physical_location_code_added_on":"1660263827533","physical_location_code_rds_version":"00002022-0428-4142-8305-320876000000_2","physical_location_code_rds_id":"c57cb90f-2126-3800-9c9f-9eab82021cdf"}},"attachments":[{"id":"5bf868fd-fadc-4133-8457-ce35acb05504","version":2,"asset_type":"data_asset","name":"emotion-tweets.csv","mime":"text/csv","datasource_type":"193a97c1-4475-4a19-b90c-295c4fdc6517","object_key":"emotion-tweets.csv","creator_id":"IBMid-550004YTNH","create_time":1660263827534,"size":733371,"is_remote":false,"is_managed":false,"is_referenced":true,"is_object_key_read_only":true,"is_user_provided_path_key":true,"transfer_complete":true,"is_partitioned":false,"complete_time_ticks":1660263827534,"user_data":{},"test_doc":0,"handle":{"bucket":"watsoncore-donotdelete-pr-olkxvfa8bk0pb1","location":"us-geo","key":"emotion-tweets.csv","upload_id":"done","max_part_num":1},"usage":{"access_count":0,"last_accessor_id":"IBMid-550004YTNH","last_access_time":1660263827534}}]}
