{"metadata":{"asset_id":"0e39ad87-895e-4577-8921-1a4c3447b741","asset_attributes":["data_asset"],"name":"movieDialog_train.csv","asset_type":"data_asset","created_at":"2022-07-19T20:24:19Z","origin_country":"us","owner_id":"IBMid-550004YTNH","project_id":"ae1a755d-e162-4f07-9f5a-130d2280e78e","size":390482,"usage":{"last_update_time":1658262259507,"last_updated_at":"2022-07-19T20:24:19Z"}},"entity":{"data_asset":{"mime_type":"text/csv","dataset":false}},"attachments":[{"id":"bdb6bfcc-f242-41ba-b1d6-e6b9834d51b2","version":2,"asset_type":"data_asset","name":"movieDialog_train.csv","mime":"text/csv","datasource_type":"193a97c1-4475-4a19-b90c-295c4fdc6517","object_key":"movieDialog_train.csv","creator_id":"IBMid-550004YTNH","create_time":1658262260282,"size":390482,"is_remote":false,"is_managed":false,"is_referenced":true,"is_object_key_read_only":true,"is_user_provided_path_key":true,"transfer_complete":true,"is_partitioned":false,"complete_time_ticks":1658262260282,"user_data":{},"test_doc":0,"handle":{"bucket":"watsoncore-donotdelete-pr-olkxvfa8bk0pb1","location":"us-geo","key":"movieDialog_train.csv","upload_id":"done","max_part_num":1},"usage":{"access_count":0,"last_accessor_id":"IBMid-550004YTNH","last_access_time":1658262260282}}]}
