{"metadata":{"asset_id":"5aedff51-01e2-4dd9-a22a-19619a94225d","asset_attributes":["notebook"],"name":"Emotion Classification - Custom Model Training","asset_type":"notebook","created_at":"2022-08-08T21:26:01Z","description":"","origin_country":"us","owner_id":"IBMid-550004YTNH","project_id":"ae1a755d-e162-4f07-9f5a-130d2280e78e","size":27079,"tags":["notebook"],"usage":{"last_update_time":1660170002319,"last_updated_at":"2022-08-10T22:20:02Z"}},"entity":{"notebook":{"kernel":{"name":"python3","display_name":"Python 3.8 Watson NLP","language":"python"},"originates_from":{"type":"notebook","guid":"084fcc24-4659-4684-b873-0dd92e8aa3d2"},"runtime":{"environment":"8c995ed9-5766-4759-8f06-d31e0d44e34e"}},"location_definition":{"physical_location_code":"DAL","physical_location_code_assigned_by":"IBMid-550004YTNH","physical_location_code_rds_id":"c57cb90f-2126-3800-9c9f-9eab82021cdf","physical_location_code_rds_version":"00002022-0428-4142-8305-320876000000_2","physical_location_code_assignment_method":"INFERRED","physical_location_code_added_on":"1659993963017"}},"attachments":[{"id":"20363aee-e41a-4f19-af9f-7e1894eb6327","version":2,"asset_type":"notebook","name":"attachment for notebook 5aedff51-01e2-4dd9-a22a-19619a94225d","description":"attachment for notebook 5aedff51-01e2-4dd9-a22a-19619a94225d","mime":"application/json","datasource_type":"193a97c1-4475-4a19-b90c-295c4fdc6517","object_key":"notebook/Emotion_Classification_copy_WtADn4bKf.ipynb","creator_id":"IBMid-550004YTNH","create_time":1659993963019,"size":27079,"is_remote":false,"is_managed":false,"is_referenced":true,"is_object_key_read_only":false,"is_user_provided_path_key":true,"transfer_complete":true,"is_partitioned":false,"complete_time_ticks":1659993963019,"user_data":{},"test_doc":0,"handle":{"bucket":"watsoncore-donotdelete-pr-olkxvfa8bk0pb1","location":"us-geo","key":"notebook/Emotion_Classification_copy_WtADn4bKf.ipynb","upload_id":"done","max_part_num":1},"usage":{"access_count":11,"last_accessor_id":"IBMid-550004YTNH","last_access_time":1660170002317,"last_updater_id":"IBMid-550004YTNH","last_update_time":1660170002317}}]}
