[
  {
    "id": 1,
    "text": "This waterfall is actually hours away from Portland, basically in California.",
    "mentions": [
      {"text": "waterfall", "type": "GeographicFeature", "location": {"begin": 5, "end": 14}},
      {"text": "Portland", "type": "Location", "location": {"begin": 43, "end": 51}},
      {"text": "California", "type": "Location", "location": {"begin": 66, "end": 76}}
    ]
  },
  {
    "id": 2,
    "text": "I work at California and Portland.",
    "mentions": [
      {"text": "California", "type": "Duration", "location": {"begin": 10, "end": 20}},
      {"text": "Portland", "type": "Location", "location": {"begin": 25, "end": 33}}
    ]
  },
    {
    "id": 3,
    "text": "This waterfall is actually hours away from Portland, basically in California.",
    "mentions": [
      {"text": "waterfall", "type": "GeographicFeature", "location": {"begin": 5, "end": 14}},
      {"text": "Portland", "type": "Location", "location": {"begin": 43, "end": 51}},
      {"text": "California", "type": "Location", "location": {"begin": 66, "end": 76}}
    ]
  },
  {
    "id": 2,
    "text": "I work at California and Portland.",
    "mentions": [
      {"text": "California", "type": "Duration", "location": {"begin": 10, "end": 20}},
      {"text": "Portland", "type": "Location", "location": {"begin": 25, "end": 33}}
    ]
  },
    {
    "id": 4,
    "text": "This waterfall is actually hours away from Portland, basically in California.",
    "mentions": [
      {"text": "waterfall", "type": "GeographicFeature", "location": {"begin": 5, "end": 14}},
      {"text": "Portland", "type": "Location", "location": {"begin": 43, "end": 51}},
      {"text": "California", "type": "Location", "location": {"begin": 66, "end": 76}}
    ]
  },
  {
    "id": 5,
    "text": "I work at California and Portland.",
    "mentions": [
      {"text": "California", "type": "Duration", "location": {"begin": 10, "end": 20}},
      {"text": "Portland", "type": "Location", "location": {"begin": 25, "end": 33}}
    ]
  },  {
    "id": 6,
    "text": "This waterfall is actually hours away from Portland, basically in California.",
    "mentions": [
      {"text": "waterfall", "type": "GeographicFeature", "location": {"begin": 5, "end": 14}},
      {"text": "Portland", "type": "Location", "location": {"begin": 43, "end": 51}},
      {"text": "California", "type": "Location", "location": {"begin": 66, "end": 76}}
    ]
  },
  {
    "id": 7,
    "text": "I work at California and Portland.",
    "mentions": [
      {"text": "California", "type": "Duration", "location": {"begin": 10, "end": 20}},
      {"text": "Portland", "type": "Location", "location": {"begin": 25, "end": 33}}
    ]
  },  {
    "id": 8,
    "text": "This waterfall is actually hours away from Portland, basically in California.",
    "mentions": [
      {"text": "waterfall", "type": "GeographicFeature", "location": {"begin": 5, "end": 14}},
      {"text": "Portland", "type": "Location", "location": {"begin": 43, "end": 51}},
      {"text": "California", "type": "Location", "location": {"begin": 66, "end": 76}}
    ]
  },
  {
    "id": 9,
    "text": "I work at California and Portland.",
    "mentions": [
      {"text": "California", "type": "Duration", "location": {"begin": 10, "end": 20}},
      {"text": "Portland", "type": "Location", "location": {"begin": 25, "end": 33}}
    ]
  },  {
    "id": 10,
    "text": "This waterfall is actually hours away from Portland, basically in California.",
    "mentions": [
      {"text": "waterfall", "type": "GeographicFeature", "location": {"begin": 5, "end": 14}},
      {"text": "Portland", "type": "Location", "location": {"begin": 43, "end": 51}},
      {"text": "California", "type": "Location", "location": {"begin": 66, "end": 76}}
    ]
  },
  {
    "id": 11,
    "text": "I work at California and Portland.",
    "mentions": [
      {"text": "California", "type": "Duration", "location": {"begin": 10, "end": 20}},
      {"text": "Portland", "type": "Location", "location": {"begin": 25, "end": 33}}
    ]
  },  {
    "id": 12,
    "text": "This waterfall is actually hours away from Portland, basically in California.",
    "mentions": [
      {"text": "waterfall", "type": "GeographicFeature", "location": {"begin": 5, "end": 14}},
      {"text": "Portland", "type": "Location", "location": {"begin": 43, "end": 51}},
      {"text": "California", "type": "Location", "location": {"begin": 66, "end": 76}}
    ]
  },
  {
    "id": 13,
    "text": "I work at California and Portland.",
    "mentions": [
      {"text": "California", "type": "Duration", "location": {"begin": 10, "end": 20}},
      {"text": "Portland", "type": "Location", "location": {"begin": 25, "end": 33}}
    ]
  },  {
    "id": 14,
    "text": "This waterfall is actually hours away from Portland, basically in California.",
    "mentions": [
      {"text": "waterfall", "type": "GeographicFeature", "location": {"begin": 5, "end": 14}},
      {"text": "Portland", "type": "Location", "location": {"begin": 43, "end": 51}},
      {"text": "California", "type": "Location", "location": {"begin": 66, "end": 76}}
    ]
  },
  {
    "id": 15,
    "text": "I work at California and Portland.",
    "mentions": [
      {"text": "California", "type": "Duration", "location": {"begin": 10, "end": 20}},
      {"text": "Portland", "type": "Location", "location": {"begin": 25, "end": 33}}
    ]
  },  {
    "id": 16,
    "text": "This waterfall is actually hours away from Portland, basically in California.",
    "mentions": [
      {"text": "waterfall", "type": "GeographicFeature", "location": {"begin": 5, "end": 14}},
      {"text": "Portland", "type": "Location", "location": {"begin": 43, "end": 51}},
      {"text": "California", "type": "Location", "location": {"begin": 66, "end": 76}}
    ]
  },
  {
    "id": 17,
    "text": "I work at California and Portland.",
    "mentions": [
      {"text": "California", "type": "Duration", "location": {"begin": 10, "end": 20}},
      {"text": "Portland", "type": "Location", "location": {"begin": 25, "end": 33}}
    ]
  },  {
    "id": 18,
    "text": "This waterfall is actually hours away from Portland, basically in California.",
    "mentions": [
      {"text": "waterfall", "type": "GeographicFeature", "location": {"begin": 5, "end": 14}},
      {"text": "Portland", "type": "Location", "location": {"begin": 43, "end": 51}},
      {"text": "California", "type": "Location", "location": {"begin": 66, "end": 76}}
    ]
  },
  {
    "id": 19,
    "text": "I work at California and Portland.",
    "mentions": [
      {"text": "California", "type": "Duration", "location": {"begin": 10, "end": 20}},
      {"text": "Portland", "type": "Location", "location": {"begin": 25, "end": 33}}
    ]
  },{
    "id": 20,
    "text": "This waterfall is actually hours away from Portland, basically in California.",
    "mentions": [
      {"text": "waterfall", "type": "GeographicFeature", "location": {"begin": 5, "end": 14}},
      {"text": "Portland", "type": "Location", "location": {"begin": 43, "end": 51}},
      {"text": "California", "type": "Location", "location": {"begin": 66, "end": 76}}
    ]
  },
  {
    "id": 21,
    "text": "I work at California and Portland.",
    "mentions": [
      {"text": "California", "type": "Duration", "location": {"begin": 10, "end": 20}},
      {"text": "Portland", "type": "Location", "location": {"begin": 25, "end": 33}}
    ]
  },{
    "id": 22,
    "text": "This waterfall is actually hours away from Portland, basically in California.",
    "mentions": [
      {"text": "waterfall", "type": "GeographicFeature", "location": {"begin": 5, "end": 14}},
      {"text": "Portland", "type": "Location", "location": {"begin": 43, "end": 51}},
      {"text": "California", "type": "Location", "location": {"begin": 66, "end": 76}}
    ]
  },
  {
    "id": 23,
    "text": "I work at California and Portland.",
    "mentions": [
      {"text": "California", "type": "Duration", "location": {"begin": 10, "end": 20}},
      {"text": "Portland", "type": "Location", "location": {"begin": 25, "end": 33}}
    ]
  },{
    "id": 24,
    "text": "This waterfall is actually hours away from Portland, basically in California.",
    "mentions": [
      {"text": "waterfall", "type": "GeographicFeature", "location": {"begin": 5, "end": 14}},
      {"text": "Portland", "type": "Location", "location": {"begin": 43, "end": 51}},
      {"text": "California", "type": "Location", "location": {"begin": 66, "end": 76}}
    ]
  },
  {
    "id": 25,
    "text": "I work at California and Portland.",
    "mentions": [
      {"text": "California", "type": "Duration", "location": {"begin": 10, "end": 20}},
      {"text": "Portland", "type": "Location", "location": {"begin": 25, "end": 33}}
    ]
  },{
    "id": 24,
    "text": "This waterfall is actually hours away from Portland, basically in California.",
    "mentions": [
      {"text": "waterfall", "type": "GeographicFeature", "location": {"begin": 5, "end": 14}},
      {"text": "Portland", "type": "Location", "location": {"begin": 43, "end": 51}},
      {"text": "California", "type": "Location", "location": {"begin": 66, "end": 76}}
    ]
  },
  {
    "id": 25,
    "text": "I work at California and Portland.",
    "mentions": [
      {"text": "California", "type": "Duration", "location": {"begin": 10, "end": 20}},
      {"text": "Portland", "type": "Location", "location": {"begin": 25, "end": 33}}
    ]
  },{
    "id": 24,
    "text": "This waterfall is actually hours away from Portland, basically in California.",
    "mentions": [
      {"text": "waterfall", "type": "GeographicFeature", "location": {"begin": 5, "end": 14}},
      {"text": "Portland", "type": "Location", "location": {"begin": 43, "end": 51}},
      {"text": "California", "type": "Location", "location": {"begin": 66, "end": 76}}
    ]
  },
  {
    "id": 25,
    "text": "I work at California and Portland.",
    "mentions": [
      {"text": "California", "type": "Duration", "location": {"begin": 10, "end": 20}},
      {"text": "Portland", "type": "Location", "location": {"begin": 25, "end": 33}}
    ]
  },{
    "id": 24,
    "text": "This waterfall is actually hours away from Portland, basically in California.",
    "mentions": [
      {"text": "waterfall", "type": "GeographicFeature", "location": {"begin": 5, "end": 14}},
      {"text": "Portland", "type": "Location", "location": {"begin": 43, "end": 51}},
      {"text": "California", "type": "Location", "location": {"begin": 66, "end": 76}}
    ]
  },
  {
    "id": 25,
    "text": "I work at California and Portland.",
    "mentions": [
      {"text": "California", "type": "Duration", "location": {"begin": 10, "end": 20}},
      {"text": "Portland", "type": "Location", "location": {"begin": 25, "end": 33}}
    ]
  },{
    "id": 24,
    "text": "This waterfall is actually hours away from Portland, basically in California.",
    "mentions": [
      {"text": "waterfall", "type": "GeographicFeature", "location": {"begin": 5, "end": 14}},
      {"text": "Portland", "type": "Location", "location": {"begin": 43, "end": 51}},
      {"text": "California", "type": "Location", "location": {"begin": 66, "end": 76}}
    ]
  },
  {
    "id": 25,
    "text": "I work at California and Portland.",
    "mentions": [
      {"text": "California", "type": "Duration", "location": {"begin": 10, "end": 20}},
      {"text": "Portland", "type": "Location", "location": {"begin": 25, "end": 33}}
    ]
  },{
    "id": 24,
    "text": "This waterfall is actually hours away from Portland, basically in California.",
    "mentions": [
      {"text": "waterfall", "type": "GeographicFeature", "location": {"begin": 5, "end": 14}},
      {"text": "Portland", "type": "Location", "location": {"begin": 43, "end": 51}},
      {"text": "California", "type": "Location", "location": {"begin": 66, "end": 76}}
    ]
  },
  {
    "id": 25,
    "text": "I work at California and Portland.",
    "mentions": [
      {"text": "California", "type": "Duration", "location": {"begin": 10, "end": 20}},
      {"text": "Portland", "type": "Location", "location": {"begin": 25, "end": 33}}
    ]
  },{
    "id": 24,
    "text": "This waterfall is actually hours away from Portland, basically in California.",
    "mentions": [
      {"text": "waterfall", "type": "GeographicFeature", "location": {"begin": 5, "end": 14}},
      {"text": "Portland", "type": "Location", "location": {"begin": 43, "end": 51}},
      {"text": "California", "type": "Location", "location": {"begin": 66, "end": 76}}
    ]
  },
  {
    "id": 25,
    "text": "I work at California and Portland.",
    "mentions": [
      {"text": "California", "type": "Duration", "location": {"begin": 10, "end": 20}},
      {"text": "Portland", "type": "Location", "location": {"begin": 25, "end": 33}}
    ]
  },{
    "id": 24,
    "text": "This waterfall is actually hours away from Portland, basically in California.",
    "mentions": [
      {"text": "waterfall", "type": "GeographicFeature", "location": {"begin": 5, "end": 14}},
      {"text": "Portland", "type": "Location", "location": {"begin": 43, "end": 51}},
      {"text": "California", "type": "Location", "location": {"begin": 66, "end": 76}}
    ]
  },
  {
    "id": 25,
    "text": "I work at California and Portland.",
    "mentions": [
      {"text": "California", "type": "Duration", "location": {"begin": 10, "end": 20}},
      {"text": "Portland", "type": "Location", "location": {"begin": 25, "end": 33}}
    ]
  },{
    "id": 24,
    "text": "This waterfall is actually hours away from Portland, basically in California.",
    "mentions": [
      {"text": "waterfall", "type": "GeographicFeature", "location": {"begin": 5, "end": 14}},
      {"text": "Portland", "type": "Location", "location": {"begin": 43, "end": 51}},
      {"text": "California", "type": "Location", "location": {"begin": 66, "end": 76}}
    ]
  },
  {
    "id": 25,
    "text": "I work at California and Portland.",
    "mentions": [
      {"text": "California", "type": "Duration", "location": {"begin": 10, "end": 20}},
      {"text": "Portland", "type": "Location", "location": {"begin": 25, "end": 33}}
    ]
  },{
    "id": 24,
    "text": "This waterfall is actually hours away from Portland, basically in California.",
    "mentions": [
      {"text": "waterfall", "type": "GeographicFeature", "location": {"begin": 5, "end": 14}},
      {"text": "Portland", "type": "Location", "location": {"begin": 43, "end": 51}},
      {"text": "California", "type": "Location", "location": {"begin": 66, "end": 76}}
    ]
  },
  {
    "id": 25,
    "text": "I work at California and Portland.",
    "mentions": [
      {"text": "California", "type": "Duration", "location": {"begin": 10, "end": 20}},
      {"text": "Portland", "type": "Location", "location": {"begin": 25, "end": 33}}
    ]
  },{
    "id": 24,
    "text": "This waterfall is actually hours away from Portland, basically in California.",
    "mentions": [
      {"text": "waterfall", "type": "GeographicFeature", "location": {"begin": 5, "end": 14}},
      {"text": "Portland", "type": "Location", "location": {"begin": 43, "end": 51}},
      {"text": "California", "type": "Location", "location": {"begin": 66, "end": 76}}
    ]
  },
  {
    "id": 25,
    "text": "I work at California and Portland.",
    "mentions": [
      {"text": "California", "type": "Duration", "location": {"begin": 10, "end": 20}},
      {"text": "Portland", "type": "Location", "location": {"begin": 25, "end": 33}}
    ]
  },{
    "id": 24,
    "text": "This waterfall is actually hours away from Portland, basically in California.",
    "mentions": [
      {"text": "waterfall", "type": "GeographicFeature", "location": {"begin": 5, "end": 14}},
      {"text": "Portland", "type": "Location", "location": {"begin": 43, "end": 51}},
      {"text": "California", "type": "Location", "location": {"begin": 66, "end": 76}}
    ]
  },
  {
    "id": 25,
    "text": "I work at California and Portland.",
    "mentions": [
      {"text": "California", "type": "Duration", "location": {"begin": 10, "end": 20}},
      {"text": "Portland", "type": "Location", "location": {"begin": 25, "end": 33}}
    ]
  },{
    "id": 24,
    "text": "This waterfall is actually hours away from Portland, basically in California.",
    "mentions": [
      {"text": "waterfall", "type": "GeographicFeature", "location": {"begin": 5, "end": 14}},
      {"text": "Portland", "type": "Location", "location": {"begin": 43, "end": 51}},
      {"text": "California", "type": "Location", "location": {"begin": 66, "end": 76}}
    ]
  },
  {
    "id": 25,
    "text": "I work at California and Portland.",
    "mentions": [
      {"text": "California", "type": "Duration", "location": {"begin": 10, "end": 20}},
      {"text": "Portland", "type": "Location", "location": {"begin": 25, "end": 33}}
    ]
  },{
    "id": 24,
    "text": "This waterfall is actually hours away from Portland, basically in California.",
    "mentions": [
      {"text": "waterfall", "type": "GeographicFeature", "location": {"begin": 5, "end": 14}},
      {"text": "Portland", "type": "Location", "location": {"begin": 43, "end": 51}},
      {"text": "California", "type": "Location", "location": {"begin": 66, "end": 76}}
    ]
  },
  {
    "id": 25,
    "text": "I work at California and Portland.",
    "mentions": [
      {"text": "California", "type": "Duration", "location": {"begin": 10, "end": 20}},
      {"text": "Portland", "type": "Location", "location": {"begin": 25, "end": 33}}
    ]
  },{
    "id": 24,
    "text": "This waterfall is actually hours away from Portland, basically in California.",
    "mentions": [
      {"text": "waterfall", "type": "GeographicFeature", "location": {"begin": 5, "end": 14}},
      {"text": "Portland", "type": "Location", "location": {"begin": 43, "end": 51}},
      {"text": "California", "type": "Location", "location": {"begin": 66, "end": 76}}
    ]
  },
  {
    "id": 25,
    "text": "I work at California and Portland.",
    "mentions": [
      {"text": "California", "type": "Duration", "location": {"begin": 10, "end": 20}},
      {"text": "Portland", "type": "Location", "location": {"begin": 25, "end": 33}}
    ]
  },{
    "id": 24,
    "text": "This waterfall is actually hours away from Portland, basically in California.",
    "mentions": [
      {"text": "waterfall", "type": "GeographicFeature", "location": {"begin": 5, "end": 14}},
      {"text": "Portland", "type": "Location", "location": {"begin": 43, "end": 51}},
      {"text": "California", "type": "Location", "location": {"begin": 66, "end": 76}}
    ]
  },
  {
    "id": 25,
    "text": "I work at California and Portland.",
    "mentions": [
      {"text": "California", "type": "Duration", "location": {"begin": 10, "end": 20}},
      {"text": "Portland", "type": "Location", "location": {"begin": 25, "end": 33}}
    ]
  },{
    "id": 24,
    "text": "This waterfall is actually hours away from Portland, basically in California.",
    "mentions": [
      {"text": "waterfall", "type": "GeographicFeature", "location": {"begin": 5, "end": 14}},
      {"text": "Portland", "type": "Location", "location": {"begin": 43, "end": 51}},
      {"text": "California", "type": "Location", "location": {"begin": 66, "end": 76}}
    ]
  },
  {
    "id": 25,
    "text": "I work at California and Portland.",
    "mentions": [
      {"text": "California", "type": "Duration", "location": {"begin": 10, "end": 20}},
      {"text": "Portland", "type": "Location", "location": {"begin": 25, "end": 33}}
    ]
  },{
    "id": 24,
    "text": "This waterfall is actually hours away from Portland, basically in California.",
    "mentions": [
      {"text": "waterfall", "type": "GeographicFeature", "location": {"begin": 5, "end": 14}},
      {"text": "Portland", "type": "Location", "location": {"begin": 43, "end": 51}},
      {"text": "California", "type": "Location", "location": {"begin": 66, "end": 76}}
    ]
  },
  {
    "id": 25,
    "text": "I work at California and Portland.",
    "mentions": [
      {"text": "California", "type": "Duration", "location": {"begin": 10, "end": 20}},
      {"text": "Portland", "type": "Location", "location": {"begin": 25, "end": 33}}
    ]
  },{
    "id": 24,
    "text": "This waterfall is actually hours away from Portland, basically in California.",
    "mentions": [
      {"text": "waterfall", "type": "GeographicFeature", "location": {"begin": 5, "end": 14}},
      {"text": "Portland", "type": "Location", "location": {"begin": 43, "end": 51}},
      {"text": "California", "type": "Location", "location": {"begin": 66, "end": 76}}
    ]
  },
  {
    "id": 25,
    "text": "I work at California and Portland.",
    "mentions": [
      {"text": "California", "type": "Duration", "location": {"begin": 10, "end": 20}},
      {"text": "Portland", "type": "Location", "location": {"begin": 25, "end": 33}}
    ]
  },{
    "id": 24,
    "text": "This waterfall is actually hours away from Portland, basically in California.",
    "mentions": [
      {"text": "waterfall", "type": "GeographicFeature", "location": {"begin": 5, "end": 14}},
      {"text": "Portland", "type": "Location", "location": {"begin": 43, "end": 51}},
      {"text": "California", "type": "Location", "location": {"begin": 66, "end": 76}}
    ]
  },
  {
    "id": 25,
    "text": "I work at California and Portland.",
    "mentions": [
      {"text": "California", "type": "Duration", "location": {"begin": 10, "end": 20}},
      {"text": "Portland", "type": "Location", "location": {"begin": 25, "end": 33}}
    ]
  },{
    "id": 24,
    "text": "This waterfall is actually hours away from Portland, basically in California.",
    "mentions": [
      {"text": "waterfall", "type": "GeographicFeature", "location": {"begin": 5, "end": 14}},
      {"text": "Portland", "type": "Location", "location": {"begin": 43, "end": 51}},
      {"text": "California", "type": "Location", "location": {"begin": 66, "end": 76}}
    ]
  },
  {
    "id": 25,
    "text": "I work at California and Portland.",
    "mentions": [
      {"text": "California", "type": "Duration", "location": {"begin": 10, "end": 20}},
      {"text": "Portland", "type": "Location", "location": {"begin": 25, "end": 33}}
    ]
  },{
    "id": 24,
    "text": "This waterfall is actually hours away from Portland, basically in California.",
    "mentions": [
      {"text": "waterfall", "type": "GeographicFeature", "location": {"begin": 5, "end": 14}},
      {"text": "Portland", "type": "Location", "location": {"begin": 43, "end": 51}},
      {"text": "California", "type": "Location", "location": {"begin": 66, "end": 76}}
    ]
  },
  {
    "id": 25,
    "text": "I work at California and Portland.",
    "mentions": [
      {"text": "California", "type": "Duration", "location": {"begin": 10, "end": 20}},
      {"text": "Portland", "type": "Location", "location": {"begin": 25, "end": 33}}
    ]
  },{
    "id": 24,
    "text": "This waterfall is actually hours away from Portland, basically in California.",
    "mentions": [
      {"text": "waterfall", "type": "GeographicFeature", "location": {"begin": 5, "end": 14}},
      {"text": "Portland", "type": "Location", "location": {"begin": 43, "end": 51}},
      {"text": "California", "type": "Location", "location": {"begin": 66, "end": 76}}
    ]
  },
  {
    "id": 25,
    "text": "I work at California and Portland.",
    "mentions": [
      {"text": "California", "type": "Duration", "location": {"begin": 10, "end": 20}},
      {"text": "Portland", "type": "Location", "location": {"begin": 25, "end": 33}}
    ]
  },{
    "id": 24,
    "text": "This waterfall is actually hours away from Portland, basically in California.",
    "mentions": [
      {"text": "waterfall", "type": "GeographicFeature", "location": {"begin": 5, "end": 14}},
      {"text": "Portland", "type": "Location", "location": {"begin": 43, "end": 51}},
      {"text": "California", "type": "Location", "location": {"begin": 66, "end": 76}}
    ]
  },
  {
    "id": 25,
    "text": "I work at California and Portland.",
    "mentions": [
      {"text": "California", "type": "Duration", "location": {"begin": 10, "end": 20}},
      {"text": "Portland", "type": "Location", "location": {"begin": 25, "end": 33}}
    ]
  },{
    "id": 24,
    "text": "This waterfall is actually hours away from Portland, basically in California.",
    "mentions": [
      {"text": "waterfall", "type": "GeographicFeature", "location": {"begin": 5, "end": 14}},
      {"text": "Portland", "type": "Location", "location": {"begin": 43, "end": 51}},
      {"text": "California", "type": "Location", "location": {"begin": 66, "end": 76}}
    ]
  },
  {
    "id": 25,
    "text": "I work at California and Portland.",
    "mentions": [
      {"text": "California", "type": "Duration", "location": {"begin": 10, "end": 20}},
      {"text": "Portland", "type": "Location", "location": {"begin": 25, "end": 33}}
    ]
  },{
    "id": 24,
    "text": "This waterfall is actually hours away from Portland, basically in California.",
    "mentions": [
      {"text": "waterfall", "type": "GeographicFeature", "location": {"begin": 5, "end": 14}},
      {"text": "Portland", "type": "Location", "location": {"begin": 43, "end": 51}},
      {"text": "California", "type": "Location", "location": {"begin": 66, "end": 76}}
    ]
  },
  {
    "id": 25,
    "text": "I work at California and Portland.",
    "mentions": [
      {"text": "California", "type": "Duration", "location": {"begin": 10, "end": 20}},
      {"text": "Portland", "type": "Location", "location": {"begin": 25, "end": 33}}
    ]
  },{
    "id": 24,
    "text": "This waterfall is actually hours away from Portland, basically in California.",
    "mentions": [
      {"text": "waterfall", "type": "GeographicFeature", "location": {"begin": 5, "end": 14}},
      {"text": "Portland", "type": "Location", "location": {"begin": 43, "end": 51}},
      {"text": "California", "type": "Location", "location": {"begin": 66, "end": 76}}
    ]
  },
  {
    "id": 25,
    "text": "I work at California and Portland.",
    "mentions": [
      {"text": "California", "type": "Duration", "location": {"begin": 10, "end": 20}},
      {"text": "Portland", "type": "Location", "location": {"begin": 25, "end": 33}}
    ]
  },{
    "id": 24,
    "text": "This waterfall is actually hours away from Portland, basically in California.",
    "mentions": [
      {"text": "waterfall", "type": "GeographicFeature", "location": {"begin": 5, "end": 14}},
      {"text": "Portland", "type": "Location", "location": {"begin": 43, "end": 51}},
      {"text": "California", "type": "Location", "location": {"begin": 66, "end": 76}}
    ]
  },
  {
    "id": 25,
    "text": "I work at California and Portland.",
    "mentions": [
      {"text": "California", "type": "Duration", "location": {"begin": 10, "end": 20}},
      {"text": "Portland", "type": "Location", "location": {"begin": 25, "end": 33}}
    ]
  },{
    "id": 24,
    "text": "This waterfall is actually hours away from Portland, basically in California.",
    "mentions": [
      {"text": "waterfall", "type": "GeographicFeature", "location": {"begin": 5, "end": 14}},
      {"text": "Portland", "type": "Location", "location": {"begin": 43, "end": 51}},
      {"text": "California", "type": "Location", "location": {"begin": 66, "end": 76}}
    ]
  },
  {
    "id": 25,
    "text": "I work at California and Portland.",
    "mentions": [
      {"text": "California", "type": "Duration", "location": {"begin": 10, "end": 20}},
      {"text": "Portland", "type": "Location", "location": {"begin": 25, "end": 33}}
    ]
  },{
    "id": 24,
    "text": "This waterfall is actually hours away from Portland, basically in California.",
    "mentions": [
      {"text": "waterfall", "type": "GeographicFeature", "location": {"begin": 5, "end": 14}},
      {"text": "Portland", "type": "Location", "location": {"begin": 43, "end": 51}},
      {"text": "California", "type": "Location", "location": {"begin": 66, "end": 76}}
    ]
  },
  {
    "id": 25,
    "text": "I work at California and Portland.",
    "mentions": [
      {"text": "California", "type": "Duration", "location": {"begin": 10, "end": 20}},
      {"text": "Portland", "type": "Location", "location": {"begin": 25, "end": 33}}
    ]
  },{
    "id": 24,
    "text": "This waterfall is actually hours away from Portland, basically in California.",
    "mentions": [
      {"text": "waterfall", "type": "GeographicFeature", "location": {"begin": 5, "end": 14}},
      {"text": "Portland", "type": "Location", "location": {"begin": 43, "end": 51}},
      {"text": "California", "type": "Location", "location": {"begin": 66, "end": 76}}
    ]
  },
  {
    "id": 25,
    "text": "I work at California and Portland.",
    "mentions": [
      {"text": "California", "type": "Duration", "location": {"begin": 10, "end": 20}},
      {"text": "Portland", "type": "Location", "location": {"begin": 25, "end": 33}}
    ]
  },{
    "id": 24,
    "text": "This waterfall is actually hours away from Portland, basically in California.",
    "mentions": [
      {"text": "waterfall", "type": "GeographicFeature", "location": {"begin": 5, "end": 14}},
      {"text": "Portland", "type": "Location", "location": {"begin": 43, "end": 51}},
      {"text": "California", "type": "Location", "location": {"begin": 66, "end": 76}}
    ]
  },
  {
    "id": 25,
    "text": "I work at California and Portland.",
    "mentions": [
      {"text": "California", "type": "Duration", "location": {"begin": 10, "end": 20}},
      {"text": "Portland", "type": "Location", "location": {"begin": 25, "end": 33}}
    ]
  },{
    "id": 24,
    "text": "This waterfall is actually hours away from Portland, basically in California.",
    "mentions": [
      {"text": "waterfall", "type": "GeographicFeature", "location": {"begin": 5, "end": 14}},
      {"text": "Portland", "type": "Location", "location": {"begin": 43, "end": 51}},
      {"text": "California", "type": "Location", "location": {"begin": 66, "end": 76}}
    ]
  },
  {
    "id": 25,
    "text": "I work at California and Portland.",
    "mentions": [
      {"text": "California", "type": "Duration", "location": {"begin": 10, "end": 20}},
      {"text": "Portland", "type": "Location", "location": {"begin": 25, "end": 33}}
    ]
  },{
    "id": 24,
    "text": "This waterfall is actually hours away from Portland, basically in California.",
    "mentions": [
      {"text": "waterfall", "type": "GeographicFeature", "location": {"begin": 5, "end": 14}},
      {"text": "Portland", "type": "Location", "location": {"begin": 43, "end": 51}},
      {"text": "California", "type": "Location", "location": {"begin": 66, "end": 76}}
    ]
  },
  {
    "id": 25,
    "text": "I work at California and Portland.",
    "mentions": [
      {"text": "California", "type": "Duration", "location": {"begin": 10, "end": 20}},
      {"text": "Portland", "type": "Location", "location": {"begin": 25, "end": 33}}
    ]
  },{
    "id": 24,
    "text": "This waterfall is actually hours away from Portland, basically in California.",
    "mentions": [
      {"text": "waterfall", "type": "GeographicFeature", "location": {"begin": 5, "end": 14}},
      {"text": "Portland", "type": "Location", "location": {"begin": 43, "end": 51}},
      {"text": "California", "type": "Location", "location": {"begin": 66, "end": 76}}
    ]
  },
  {
    "id": 25,
    "text": "I work at California and Portland.",
    "mentions": [
      {"text": "California", "type": "Duration", "location": {"begin": 10, "end": 20}},
      {"text": "Portland", "type": "Location", "location": {"begin": 25, "end": 33}}
    ]
  },{
    "id": 24,
    "text": "This waterfall is actually hours away from Portland, basically in California.",
    "mentions": [
      {"text": "waterfall", "type": "GeographicFeature", "location": {"begin": 5, "end": 14}},
      {"text": "Portland", "type": "Location", "location": {"begin": 43, "end": 51}},
      {"text": "California", "type": "Location", "location": {"begin": 66, "end": 76}}
    ]
  },
  {
    "id": 25,
    "text": "I work at California and Portland.",
    "mentions": [
      {"text": "California", "type": "Duration", "location": {"begin": 10, "end": 20}},
      {"text": "Portland", "type": "Location", "location": {"begin": 25, "end": 33}}
    ]
  },{
    "id": 24,
    "text": "This waterfall is actually hours away from Portland, basically in California.",
    "mentions": [
      {"text": "waterfall", "type": "GeographicFeature", "location": {"begin": 5, "end": 14}},
      {"text": "Portland", "type": "Location", "location": {"begin": 43, "end": 51}},
      {"text": "California", "type": "Location", "location": {"begin": 66, "end": 76}}
    ]
  },
  {
    "id": 25,
    "text": "I work at California and Portland.",
    "mentions": [
      {"text": "California", "type": "Duration", "location": {"begin": 10, "end": 20}},
      {"text": "Portland", "type": "Location", "location": {"begin": 25, "end": 33}}
    ]
  }
]