{"metadata":{"asset_id":"7b0376af-e7d8-4e1b-b68d-34423cc3575c","asset_attributes":["data_asset"],"name":"london_hotel_reviews.csv","asset_type":"data_asset","created_at":"2022-09-21T22:23:23Z","origin_country":"us","owner_id":"ade220d1-c14b-449d-97db-8bfa60cf8f5b","project_id":"ae1a755d-e162-4f07-9f5a-130d2280e78e","size":133089809,"usage":{"last_update_time":1663799004027,"last_updated_at":"2022-09-21T22:23:24Z"}},"entity":{"data_asset":{"mime_type":"text/csv","dataset":false},"location_definition":{"physical_location_code":"DAL","physical_location_code_assigned_by":"ade220d1-c14b-449d-97db-8bfa60cf8f5b","physical_location_code_rds_id":"c57cb90f-2126-3800-9c9f-9eab82021cdf","physical_location_code_rds_version":"00002022-0428-4142-8305-320876000000_2","physical_location_code_assignment_method":"INFERRED","physical_location_code_added_on":"1663799004025"}},"attachments":[{"id":"2bbd433c-76d3-4b7c-9efe-91f574571685","version":2,"asset_type":"data_asset","name":"london_hotel_reviews.csv","mime":"text/csv","datasource_type":"193a97c1-4475-4a19-b90c-295c4fdc6517","object_key":"london_hotel_reviews.csv","creator_id":"ade220d1-c14b-449d-97db-8bfa60cf8f5b","create_time":1663799004026,"size":133089809,"is_remote":false,"is_managed":false,"is_referenced":true,"is_object_key_read_only":true,"is_user_provided_path_key":true,"transfer_complete":true,"is_partitioned":false,"complete_time_ticks":1663799004026,"user_data":{},"test_doc":0,"handle":{"bucket":"watsoncore-donotdelete-pr-olkxvfa8bk0pb1","location":"us-geo","type":"bluemix_cos","key":"london_hotel_reviews.csv","upload_id":"done","max_part_num":1},"usage":{"access_count":0,"last_accessor_id":"ade220d1-c14b-449d-97db-8bfa60cf8f5b","last_access_time":1663799004026}}]}
