{"metadata":{"asset_id":"0086c7d0-5210-4997-bc81-b4e251755f2c","asset_attributes":["data_asset"],"name":"uk_england_london_belgrave_hotel.csv","asset_type":"data_asset","created_at":"2022-09-10T22:09:44Z","origin_country":"us","owner_id":"ade220d1-c14b-449d-97db-8bfa60cf8f5b","project_id":"ae1a755d-e162-4f07-9f5a-130d2280e78e","size":286049,"usage":{"last_update_time":1662847785079,"last_updated_at":"2022-09-10T22:09:45Z"}},"entity":{"data_asset":{"mime_type":"text/csv","dataset":false},"location_definition":{"physical_location_code":"DAL","physical_location_code_assigned_by":"ade220d1-c14b-449d-97db-8bfa60cf8f5b","physical_location_code_rds_id":"c57cb90f-2126-3800-9c9f-9eab82021cdf","physical_location_code_rds_version":"00002022-0428-4142-8305-320876000000_2","physical_location_code_assignment_method":"INFERRED","physical_location_code_added_on":"1662847785077"}},"attachments":[{"id":"e77fb99e-ed18-4013-a1f6-34ac2c58c8db","version":2,"asset_type":"data_asset","name":"uk_england_london_belgrave_hotel.csv","mime":"text/csv","datasource_type":"193a97c1-4475-4a19-b90c-295c4fdc6517","object_key":"uk_england_london_belgrave_hotel.csv","creator_id":"ade220d1-c14b-449d-97db-8bfa60cf8f5b","create_time":1662847785078,"size":286049,"is_remote":false,"is_managed":false,"is_referenced":true,"is_object_key_read_only":true,"is_user_provided_path_key":true,"transfer_complete":true,"is_partitioned":false,"complete_time_ticks":1662847785078,"user_data":{},"test_doc":0,"handle":{"bucket":"watsoncore-donotdelete-pr-olkxvfa8bk0pb1","location":"us-geo","type":"bluemix_cos","key":"uk_england_london_belgrave_hotel.csv","upload_id":"done","max_part_num":1},"usage":{"access_count":0,"last_accessor_id":"ade220d1-c14b-449d-97db-8bfa60cf8f5b","last_access_time":1662847785078}}]}
