{"metadata":{"asset_id":"55ba87c3-c986-4c77-be2d-0fd6ad699a36","asset_attributes":["notebook"],"name":"Hotel Reviews Analysis - Entities and Keywords","asset_type":"notebook","created_at":"2022-09-06T22:28:23Z","description":"","origin_country":"us","owner_id":"IBMid-550004YTNH","project_id":"ae1a755d-e162-4f07-9f5a-130d2280e78e","size":5438356,"tags":["notebook"],"usage":{"last_update_time":1664291291567,"last_updated_at":"2022-09-27T15:08:11Z"}},"entity":{"notebook":{"kernel":{"name":"python3","display_name":"Python 3.9","language":"python"},"originates_from":{"type":"notebook","guid":"24e1c20c-9733-4d26-87e2-624b662faaf2"},"runtime":{"environment":"65668278-1edd-4a60-b2ba-2b2e3fed060d"}},"location_definition":{"physical_location_code":"DAL","physical_location_code_assigned_by":"IBMid-550004YTNH","physical_location_code_rds_id":"c57cb90f-2126-3800-9c9f-9eab82021cdf","physical_location_code_rds_version":"00002022-0428-4142-8305-320876000000_2","physical_location_code_assignment_method":"INFERRED","physical_location_code_added_on":"1662503335367"}},"attachments":[{"id":"de75b96f-b153-4f81-b782-530dfb3ac18f","version":2,"asset_type":"notebook","name":"attachment for notebook 55ba87c3-c986-4c77-be2d-0fd6ad699a36","description":"attachment for notebook 55ba87c3-c986-4c77-be2d-0fd6ad699a36","mime":"application/json","datasource_type":"193a97c1-4475-4a19-b90c-295c4fdc6517","object_key":"notebook/Hotel_Reviews_Analysis_-_Keywords__copy_a7j9aFrVT.ipynb","creator_id":"IBMid-550004YTNH","create_time":1662503335368,"size":5438356,"is_remote":false,"is_managed":false,"is_referenced":true,"is_object_key_read_only":false,"is_user_provided_path_key":true,"transfer_complete":true,"is_partitioned":false,"complete_time_ticks":1662503335368,"user_data":{},"test_doc":0,"handle":{"bucket":"watsoncore-donotdelete-pr-olkxvfa8bk0pb1","location":"us-geo","type":"bluemix_cos","key":"notebook/Hotel_Reviews_Analysis_-_Keywords__copy_a7j9aFrVT.ipynb","upload_id":"done","max_part_num":1},"usage":{"access_count":570,"last_accessor_id":"IBMid-550004YTNH","last_access_time":1664291283340,"last_updater_id":"IBMid-550004YTNH","last_update_time":1664291283340}}]}
