{"metadata":{"asset_id":"c91501e4-e887-4840-bd1c-883d231214ce","asset_attributes":["environment"],"name":"PII - Watson NLP env","asset_type":"environment","created_at":"2023-02-24T16:41:38Z","description":"","origin_country":"us","owner_id":"IBMid-550003HW96","project_id":"ae1a755d-e162-4f07-9f5a-130d2280e78e","sandbox_id":"ae1a755d-e162-4f07-9f5a-130d2280e78e","size":0,"tags":["dsx"],"usage":{"last_update_time":1677256898445,"last_updated_at":"2023-02-24T16:41:38Z"}},"entity":{"environment":{"sub_type":"notebook","display_name":"PII - Watson NLP env","hardware_specification":{"type":"referenced","guid":"0f83d7b8-6762-4cfe-b2ba-f37240623113"},"software_specification":{"type":"referenced","guid":"5e8cddff-db4a-5a6a-b8aa-2d4af9864dab"},"tools_specification":{"supported_kernels":[{"name":"python3","display_name":"Python 3.10","language":"python","version":"3.10"}],"notebook_extensions":[]}}}}
