{"metadata":{"asset_id":"40a06fa5-7c0f-437a-8fb7-1442bee9a829","asset_attributes":["data_asset","location_definition"],"name":"Hotel_Reviews.csv","asset_type":"data_asset","created_at":"2023-02-10T21:01:26Z","origin_country":"us","owner_id":"IBMid-550003HW96","project_id":"8e582c65-303c-4081-87ae-5f69c895faf8","size":238154765,"usage":{"last_update_time":1676062887585,"last_updated_at":"2023-02-10T21:01:27Z"}},"entity":{"data_asset":{"mime_type":"text/csv","dataset":false},"location_definition":{"physical_location_code":"DAL","physical_location_code_assigned_by":"IBMid-550004YTNH","physical_location_code_rds_id":"c57cb90f-2126-3800-9c9f-9eab82021cdf","physical_location_code_rds_version":"00002022-0428-4142-8305-320876000000_2","physical_location_code_assignment_method":"INFERRED","physical_location_code_added_on":"1661882753366"}},"attachments":[{"id":"41efcdb4-b4e7-4257-8d22-d4ce6b074a62","version":2,"asset_type":"data_asset","name":"Hotel_Reviews.csv","mime":"text/csv","datasource_type":"193a97c1-4475-4a19-b90c-295c4fdc6517","object_key":"Hotel_Reviews.csv","creator_id":"iam-ServiceId-f49c5558-c247-4983-a04f-7d3c7a3d55da","create_time":1676062887482,"size":238154765,"is_remote":false,"is_managed":false,"is_referenced":true,"is_object_key_read_only":false,"is_user_provided_path_key":true,"transfer_complete":true,"is_partitioned":false,"complete_time_ticks":1676062887482,"user_data":{},"test_doc":0,"handle":{"bucket":"hotelreviewsclassification-donotdelete-pr-taxhslv1j2vfpl","location":"us-geo","type":"bluemix_cos","key":"Hotel_Reviews.csv","upload_id":"done","max_part_num":1},"usage":{"access_count":0,"last_accessor_id":"iam-ServiceId-f49c5558-c247-4983-a04f-7d3c7a3d55da","last_access_time":1676062887482}}]}
