{"metadata":{"asset_id":"46976936-a21b-460f-8fc5-dd747b38a97b","asset_attributes":["environment"],"name":"Watson NLP","asset_type":"environment","created_at":"2023-02-10T21:01:52Z","description":"","origin_country":"us","owner_id":"IBMid-550003HW96","project_id":"8e582c65-303c-4081-87ae-5f69c895faf8","sandbox_id":"8e582c65-303c-4081-87ae-5f69c895faf8","size":0,"tags":["dsx"],"usage":{"last_update_time":1676062912579,"last_updated_at":"2023-02-10T21:01:52Z"}},"entity":{"environment":{"sub_type":"notebook","display_name":"Watson NLP","hardware_specification":{"type":"referenced","guid":"cc5814e5-ff5a-4a25-9cab-c566928dc8ec"},"software_specification":{"type":"referenced","guid":"5e8cddff-db4a-5a6a-b8aa-2d4af9864dab"},"tools_specification":{"supported_kernels":[{"name":"python3","display_name":"Python 3.10","language":"python","version":"3.10"}],"notebook_extensions":[]}}}}
