{"metadata":{"asset_id":"cc5814e5-ff5a-4a25-9cab-c566928dc8ec","asset_attributes":["hardware_specification"],"name":"Watson NLP","asset_type":"hardware_specification","created_at":"2023-02-10T21:01:52Z","description":"","origin_country":"us","owner_id":"IBMid-550003HW96","project_id":"8e582c65-303c-4081-87ae-5f69c895faf8","sandbox_id":"8e582c65-303c-4081-87ae-5f69c895faf8","size":0,"tags":["dsx"],"usage":{"last_update_time":1676062912483,"last_updated_at":"2023-02-10T21:01:52Z"}},"entity":{"hardware_specification":{"nodes":{"cpu":{"units":"4","model":""},"mem":{"size":"16Gi"}}}}}
