{"metadata":{"asset_id":"bd8be525-eeec-4443-a7fb-a93e6d41dba0","asset_attributes":["notebook"],"name":"Hotel Reviews Text Classification","asset_type":"notebook","created_at":"2023-02-10T21:01:28Z","description":"","origin_country":"us","owner_id":"IBMid-550003HW96","project_id":"8e582c65-303c-4081-87ae-5f69c895faf8","size":84485,"tags":["notebook"],"usage":{"last_update_time":1677260243930,"last_updated_at":"2023-02-24T17:37:23Z"}},"entity":{"notebook":{"kernel":{"name":"python3","display_name":"Python 3.10","language":"python"},"originates_from":{"type":"file"},"runtime":{"environment":"46976936-a21b-460f-8fc5-dd747b38a97b"}},"location_definition":{"physical_location_code":"DAL","physical_location_code_assigned_by":"IBMid-550003HW96","physical_location_code_rds_id":"c57cb90f-2126-3800-9c9f-9eab82021cdf","physical_location_code_rds_version":"00002022-0428-4142-8305-320876000000_2","physical_location_code_assignment_method":"INFERRED","physical_location_code_added_on":"1676062846897"}},"attachments":[{"id":"6861c378-be49-4c86-b1b1-2640e90d06f9","version":2,"asset_type":"notebook","name":"attachment for notebook bd8be525-eeec-4443-a7fb-a93e6d41dba0","description":"attachment for notebook bd8be525-eeec-4443-a7fb-a93e6d41dba0","mime":"application/json","datasource_type":"193a97c1-4475-4a19-b90c-295c4fdc6517","object_key":"notebook/Complaint_Data_Text_Classification_copy_vQxuhigBd.ipynb","creator_id":"IBMid-550003HW96","create_time":1676062889122,"size":84485,"is_remote":false,"is_managed":false,"is_referenced":true,"is_object_key_read_only":false,"is_user_provided_path_key":true,"transfer_complete":true,"is_partitioned":false,"complete_time_ticks":1676062889122,"user_data":{},"test_doc":0,"handle":{"bucket":"hotelreviewsclassification-donotdelete-pr-taxhslv1j2vfpl","location":"us-geo","type":"bluemix_cos","key":"notebook/Complaint_Data_Text_Classification_copy_vQxuhigBd.ipynb","upload_id":"done","max_part_num":1},"usage":{"access_count":99,"last_accessor_id":"IBMid-550003HW96","last_access_time":1677260241159,"last_updater_id":"IBMid-550003HW96","last_update_time":1677260241159}}]}
