{"description":"Business intelligence report","fields":[],"external_asset_preview":{},"relationships":[],"properties":{"bi_server":{"type":"string","description":"Name of the business intelligence tool server information","readonly":true,"label":{"default":"Server information","en":"Server information"}},"lineage_link":{"type":"string","description":"Visually explore lineage information","hidden":true,"readonly":true,"label":{"default":"Lineage link","en":"Lineage link"}}},"localized_metadata_attributes":{"name":{"default":"Report","en":"Report"}},"global_search_searchable":[],"attribute_only":false,"allow_decorators":true,"version":1,"name":"ibm_bi_report","scope":"GLOBAL"}
