{"description":"The model entry user asset type to capture user defined attributes.","fields":[],"relationships":[],"properties":{"purpose":{"type":"string","description":"Intended business purpose of the requested model","placeholder":"Please enter business purpose of the requested model","is_array":false,"required":false,"hidden":false,"readonly":false,"validated":false,"default_value":"None","label":{"default":"Model purpose","en":"Model purpose"}},"documentation":{"type":"string","description":"a URL pointing to external documentation","placeholder":"Please enter a URL pointing to external documentation","is_array":false,"required":false,"hidden":false,"readonly":false,"validated":false,"default_value":"None","label":{"default":"Supporting documentation","en":"Supporting documentation"}},"risk_level":{"type":"string","description":"Enter Risk level","placeholder":"Enter Risk level","is_array":false,"required":false,"hidden":false,"readonly":false,"validated":false,"default_value":"None","label":{"default":"Risk level","en":"Risk level"}}},"localized_metadata_attributes":{"name":{"default":"Additional details","en":"Additional details"}},"decorates":[{"asset_type_name":"model_entry"}],"global_search_searchable":[],"attribute_only":false,"is_column_custom_attribute":false,"version":1,"name":"model_entry_user","scope":"PROJECT","allow_decorators":true}
