{"description":"Experiment asset type","fields":[{"key":"pipeline_dependencies","type":"string","facet":false,"is_array":true,"search_path":"pipeline_dependencies","is_searchable_across_types":false},{"key":"model_definition_dependencies","type":"string","facet":false,"is_array":true,"search_path":"model_definition_dependencies","is_searchable_across_types":false},{"key":"software_spec_dependencies","type":"string","facet":false,"is_array":true,"search_path":"software_spec_dependencies","is_searchable_across_types":false},{"key":"hardware_spec_dependencies","type":"string","facet":false,"is_array":true,"search_path":"hardware_spec_dependencies","is_searchable_across_types":false}],"external_asset_preview":{},"relationships":[{"key":"pipeline_dependencies","target_asset_type":"wml_pipeline","on_delete_target":"IGNORE","on_delete":"IGNORE","on_clone_target":"IGNORE","on_clone":"IGNORE","on_promote":"IGNORE","on_publish":"IGNORE"},{"key":"model_definition_dependencies","target_asset_type":"wml_model_definition","on_delete_target":"IGNORE","on_delete":"IGNORE","on_clone_target":"IGNORE","on_clone":"IGNORE","on_promote":"IGNORE","on_publish":"IGNORE"},{"key":"software_spec_dependencies","target_asset_type":"software_specification","on_delete_target":"IGNORE","on_delete":"IGNORE","on_clone_target":"IGNORE","on_clone":"IGNORE","on_promote":"IGNORE","on_publish":"IGNORE"},{"key":"hardware_spec_dependencies","target_asset_type":"hardware_specification","on_delete_target":"IGNORE","on_delete":"IGNORE","on_clone_target":"IGNORE","on_clone":"IGNORE","on_promote":"IGNORE","on_publish":"IGNORE"}],"properties":{"custom":{"type":"object","description":"caller defined properties","placeholder":"Put a value here","is_array":false,"required":false,"hidden":false,"readonly":false,"properties":{"{user-defined-property}":{"description":"custom property","placeholder":"Put a value here","required":false,"hidden":false,"readonly":false}}},"evaluation_definition":{"type":"object","description":"evaluation definition of the experiment","placeholder":"Put a value here","is_array":false,"required":false,"hidden":false,"readonly":false,"properties":{"method":{"type":"string","description":"method type","placeholder":"Put a value here","is_array":false,"required":false,"hidden":false,"readonly":false,"values":["binary","regression","multiclass"]},"metrics":{"type":"object","description":"evaluation metrics","placeholder":"Put a value here","is_array":true,"required":true,"hidden":false,"readonly":false,"properties":{"maximize":{"type":"bool","description":"evaluation metrics","placeholder":"Put a value here","is_array":false,"required":false,"hidden":false,"readonly":false},"name":{"type":"string","description":"metrics name","placeholder":"Put a value here","is_array":false,"required":true,"hidden":false,"readonly":false}}}}},"hardware_spec_dependencies":{"type":"string","description":"list of dependent hardware_spec ids for the experiment","placeholder":"Put a value here","is_array":true,"required":false,"hidden":true,"readonly":false,"default_value":"None"},"label_column":{"type":"string","description":"label","placeholder":"Put a value here","is_array":false,"required":false,"hidden":false,"readonly":false,"default_value":"None","min_length":0,"max_length":100},"ml_version":{"type":"string","description":"Internal version of the ml asset type","placeholder":"Put a value here","is_array":false,"required":true,"hidden":true,"readonly":true,"default_value":"4.0.1"},"model_definition_dependencies":{"type":"string","description":"list of dependent model_definition ids for the experiment","placeholder":"Put a value here","is_array":true,"required":false,"hidden":true,"readonly":false,"default_value":"None"},"pipeline_dependencies":{"type":"string","description":"list of dependent pipeline ids for the experiment","placeholder":"Put a value here","is_array":true,"required":false,"hidden":true,"readonly":false,"default_value":"None"},"software_spec_dependencies":{"type":"string","description":"list of dependent software_spec ids for the experiment","placeholder":"Put a value here","is_array":true,"required":false,"hidden":true,"readonly":false,"default_value":"None"},"training_references":{"type":"object","description":"training_references of the experiment","placeholder":"Put a value here","is_array":true,"required":false,"hidden":false,"readonly":false,"properties":{"hyper_parameters_optimization":{"type":"object","description":"hyper_parameters_optimization","placeholder":"Put a value here","is_array":false,"required":false,"hidden":false,"readonly":false,"properties":{"hyper_parameters":{"type":"object","description":"hyper parameters","placeholder":"Put a value here","is_array":true,"required":false,"hidden":false,"readonly":false,"properties":{"items":{"type":"object","description":"items","placeholder":"Put a value here","is_array":false,"required":true,"hidden":false,"readonly":false,"properties":{"{user-defined-property}":{"description":"items can have values as vector of string,int or double. items can have min, max, step and power for IntRange and Double Range.","placeholder":"Put a value here","required":false,"hidden":false,"readonly":false}}},"name":{"type":"string","description":"name","placeholder":"Put a value here","is_array":false,"required":true,"hidden":false,"readonly":false}}},"method":{"type":"object","description":"method","placeholder":"Put a value here","is_array":false,"required":true,"hidden":false,"readonly":false,"properties":{"name":{"type":"string","description":"name","placeholder":"Put a value here","is_array":false,"required":false,"hidden":false,"readonly":false},"parameters":{"type":"object","description":"parameters","placeholder":"Put a value here","is_array":false,"required":false,"hidden":false,"readonly":false,"properties":{"{user-defined-property}":{"description":"custom property","placeholder":"Put a value here","required":false,"hidden":false,"readonly":false}}}}}}},"model_definition":{"type":"object","description":"model_definition","placeholder":"Put a value here","is_array":false,"required":false,"hidden":false,"readonly":false,"properties":{"command":{"type":"string","description":"command","placeholder":"Put a value here","is_array":false,"required":false,"hidden":false,"readonly":false},"hardware_spec":{"type":"object","description":"hardware_spec","placeholder":"Put a value here","is_array":false,"required":false,"hidden":false,"readonly":false,"properties":{"base_id":{"type":"string","description":"base hardware_spec id","placeholder":"Put a value here","is_array":false,"required":false,"hidden":true,"readonly":false},"id":{"type":"string","description":"hardware_spec id","placeholder":"Put a value here","is_array":false,"required":false,"hidden":false,"readonly":false},"name":{"type":"string","description":"hardware_spec name","placeholder":"Put a value here","is_array":false,"required":false,"hidden":false,"readonly":false},"num_nodes":{"type":"number","description":"number of nodes","placeholder":"Put a value here","is_array":false,"required":false,"hidden":false,"readonly":false},"rev":{"type":"string","description":"hardware_spec rev","placeholder":"Put a value here","is_array":false,"required":false,"hidden":false,"readonly":false}}},"id":{"type":"string","description":"model_definition id","placeholder":"Put a value here","is_array":false,"required":true,"hidden":false,"readonly":false},"model_type":{"type":"string","description":"model_type","placeholder":"Put a value here","is_array":false,"required":false,"hidden":false,"readonly":false},"parameters":{"type":"object","description":"caller defined properties","placeholder":"Put a value here","is_array":false,"required":false,"hidden":false,"readonly":false,"properties":{"{user-defined-property}":{"description":"custom property","placeholder":"Put a value here","required":false,"hidden":false,"readonly":false}}},"rev":{"type":"string","description":"model_definition rev","placeholder":"Put a value here","is_array":false,"required":false,"hidden":false,"readonly":false},"software_spec":{"type":"object","description":"software_spec of the function","placeholder":"Put a value here","is_array":false,"required":false,"hidden":false,"readonly":false,"properties":{"base_id":{"type":"string","description":"base software_spec id","placeholder":"Put a value here","is_array":false,"required":false,"hidden":true,"readonly":false},"id":{"type":"string","description":"software_spec id","placeholder":"Put a value here","is_array":false,"required":false,"hidden":false,"readonly":false},"name":{"type":"string","description":"software_spec name","placeholder":"Put a value here","is_array":false,"required":false,"hidden":false,"readonly":false},"rev":{"type":"string","description":"software_spec rev","placeholder":"Put a value here","is_array":false,"required":false,"hidden":false,"readonly":false}}}}},"pipeline":{"type":"object","description":"pipeline","placeholder":"Put a value here","is_array":false,"required":false,"hidden":false,"readonly":false,"properties":{"data_bindings":{"type":"object","description":"data_bindings","placeholder":"Put a value here","is_array":true,"required":false,"hidden":false,"readonly":false,"properties":{"data_reference_name":{"type":"string","description":"data_reference_name","placeholder":"Put a value here","is_array":false,"required":true,"hidden":false,"readonly":false},"node_id":{"type":"string","description":"node_id","placeholder":"Put a value here","is_array":false,"required":true,"hidden":false,"readonly":false}}},"hardware_spec":{"type":"object","description":"hardware_spec","placeholder":"Put a value here","is_array":false,"required":false,"hidden":false,"readonly":false,"properties":{"base_id":{"type":"string","description":"base hardware_spec id","placeholder":"Put a value here","is_array":false,"required":false,"hidden":true,"readonly":false},"id":{"type":"string","description":"hardware_spec id","placeholder":"Put a value here","is_array":false,"required":false,"hidden":false,"readonly":false},"name":{"type":"string","description":"hardware_spec name","placeholder":"Put a value here","is_array":false,"required":false,"hidden":false,"readonly":false},"num_nodes":{"type":"number","description":"number of nodes","placeholder":"Put a value here","is_array":false,"required":false,"hidden":false,"readonly":false},"rev":{"type":"string","description":"hardware_spec rev","placeholder":"Put a value here","is_array":false,"required":false,"hidden":false,"readonly":false}}},"hybrid_pipeline_hardware_specs":{"type":"object","description":"hybrid_pipeline_hardware_specs","placeholder":"Put a value here","is_array":true,"required":false,"hidden":false,"readonly":false,"properties":{"hardware_spec":{"type":"object","description":"hardware_spec","placeholder":"Put a value here","is_array":false,"required":true,"hidden":false,"readonly":false,"properties":{"base_id":{"type":"string","description":"base hardware_spec id","placeholder":"Put a value here","is_array":false,"required":false,"hidden":true,"readonly":false},"id":{"type":"string","description":"hardware_spec id","placeholder":"Put a value here","is_array":false,"required":false,"hidden":false,"readonly":false},"name":{"type":"string","description":"hardware_spec name","placeholder":"Put a value here","is_array":false,"required":false,"hidden":false,"readonly":false},"num_nodes":{"type":"number","description":"number of nodes","placeholder":"Put a value here","is_array":false,"required":false,"hidden":false,"readonly":false},"rev":{"type":"string","description":"hardware_spec rev","placeholder":"Put a value here","is_array":false,"required":false,"hidden":false,"readonly":false}}},"node_runtime_id":{"type":"string","description":"runtime id of node","placeholder":"Put a value here","is_array":false,"required":true,"hidden":false,"readonly":false}}},"id":{"type":"string","description":"pipeline id","placeholder":"Put a value here","is_array":false,"required":true,"hidden":false,"readonly":false},"model_type":{"type":"string","description":"model_type","placeholder":"Put a value here","is_array":false,"required":false,"hidden":false,"readonly":false},"nodes_parameters":{"type":"object","description":"nodes_parameters","placeholder":"Put a value here","is_array":true,"required":false,"hidden":false,"readonly":false,"properties":{"node_id":{"type":"string","description":"data_reference_name","placeholder":"Put a value here","is_array":false,"required":true,"hidden":false,"readonly":false},"parameters":{"type":"object","description":"caller defined properties","placeholder":"Put a value here","is_array":false,"required":true,"hidden":false,"readonly":false,"properties":{"{user-defined-property}":{"description":"custom property","placeholder":"Put a value here","required":false,"hidden":false,"readonly":false}}}}},"rev":{"type":"string","description":"pipeline rev","placeholder":"Put a value here","is_array":false,"required":false,"hidden":false,"readonly":false}}}}}},"global_search_searchable":[],"attribute_only":false,"allow_decorators":true,"version":2,"name":"wml_experiment","scope":"GLOBAL"}
