{"metadata":{"asset_id":"d1e3a64f-c1dd-433b-8792-b3310750000f","asset_attributes":["data_asset"],"name":"faker_caste_text_train.json","asset_type":"data_asset","created_at":"2023-02-17T17:39:32Z","origin_country":"us","owner_id":"ade220d1-c14b-449d-97db-8bfa60cf8f5b","project_id":"ae1a755d-e162-4f07-9f5a-130d2280e78e","size":1301162,"usage":{"last_update_time":1676655573205,"last_updated_at":"2023-02-17T17:39:33Z"}},"entity":{"data_asset":{"mime_type":"application/json","dataset":false},"location_definition":{"physical_location_code":"DAL","physical_location_code_assigned_by":"ade220d1-c14b-449d-97db-8bfa60cf8f5b","physical_location_code_rds_id":"c57cb90f-2126-3800-9c9f-9eab82021cdf","physical_location_code_rds_version":"00002022-0428-4142-8305-320876000000_2","physical_location_code_assignment_method":"INFERRED","physical_location_code_added_on":"1676655573199"}},"attachments":[{"id":"e08db1fd-21ca-4866-9f8a-e6274fdc6576","version":2,"asset_type":"data_asset","name":"faker_caste_text_train.json","mime":"application/json","datasource_type":"193a97c1-4475-4a19-b90c-295c4fdc6517","object_key":"faker_caste_text_train.json","creator_id":"ade220d1-c14b-449d-97db-8bfa60cf8f5b","create_time":1676655573203,"size":1301162,"is_remote":false,"is_managed":false,"is_referenced":true,"is_object_key_read_only":true,"is_user_provided_path_key":true,"transfer_complete":true,"is_partitioned":false,"complete_time_ticks":1676655573203,"user_data":{},"test_doc":0,"handle":{"bucket":"watsoncore-donotdelete-pr-olkxvfa8bk0pb1","location":"us-geo","type":"bluemix_cos","key":"faker_caste_text_train.json","upload_id":"done","max_part_num":1},"usage":{"access_count":0,"last_accessor_id":"ade220d1-c14b-449d-97db-8bfa60cf8f5b","last_access_time":1676655573203}}]}
