{"metadata":{"asset_id":"a83ae8a8-3fcf-4761-a966-e731727c0e55","asset_attributes":["data_asset"],"name":"PII_faker_LicenseNumber_text_train.json","asset_type":"data_asset","created_at":"2023-02-07T06:48:54Z","origin_country":"us","owner_id":"ade220d1-c14b-449d-97db-8bfa60cf8f5b","project_id":"ae1a755d-e162-4f07-9f5a-130d2280e78e","size":10934259,"usage":{"last_update_time":1677136481204,"last_updated_at":"2023-02-23T07:14:41Z"}},"entity":{"data_asset":{"mime_type":"application/json","dataset":false},"location_definition":{"physical_location_code":"DAL","physical_location_code_assigned_by":"ade220d1-c14b-449d-97db-8bfa60cf8f5b","physical_location_code_rds_id":"c57cb90f-2126-3800-9c9f-9eab82021cdf","physical_location_code_rds_version":"00002022-0428-4142-8305-320876000000_2","physical_location_code_assignment_method":"INFERRED","physical_location_code_added_on":"1675752534919"}},"attachments":[{"id":"9fc64d8f-8c8c-47bb-9888-bb7b48606edc","version":2,"asset_type":"data_asset","name":"PII_faker_LicenseNumber_text_train.json","mime":"application/json","datasource_type":"193a97c1-4475-4a19-b90c-295c4fdc6517","object_key":"PII_faker_LicenseNumber_text_train.json","creator_id":"ade220d1-c14b-449d-97db-8bfa60cf8f5b","create_time":1675752534922,"size":10934259,"is_remote":false,"is_managed":false,"is_referenced":true,"is_object_key_read_only":true,"is_user_provided_path_key":true,"transfer_complete":true,"is_partitioned":false,"complete_time_ticks":1675752534922,"user_data":{},"test_doc":0,"handle":{"bucket":"watsoncore-donotdelete-pr-olkxvfa8bk0pb1","location":"us-geo","type":"bluemix_cos","key":"PII_faker_LicenseNumber_text_train.json","upload_id":"done","max_part_num":1},"usage":{"access_count":13,"last_accessor_id":"ade220d1-c14b-449d-97db-8bfa60cf8f5b","last_access_time":1677136481203,"last_updater_id":"ade220d1-c14b-449d-97db-8bfa60cf8f5b","last_update_time":1677136481203}}]}
