{"metadata":{"asset_id":"d0e205b4-7fe0-4b68-82bf-2227ea693608","asset_attributes":["data_asset"],"name":"PII_train.json","asset_type":"data_asset","created_at":"2022-11-07T11:57:44Z","origin_country":"us","owner_id":"IBMid-664003O4O6","project_id":"ae1a755d-e162-4f07-9f5a-130d2280e78e","size":33094,"usage":{"last_update_time":1667822264356,"last_updated_at":"2022-11-07T11:57:44Z"}},"entity":{"data_asset":{"mime_type":"application/json","dataset":false},"location_definition":{"physical_location_code_assignment_method":"INFERRED","physical_location_code":"DAL","physical_location_code_assigned_by":"IBMid-664003O4O6","physical_location_code_added_on":"1667822264735","physical_location_code_rds_version":"00002022-0428-4142-8305-320876000000_2","physical_location_code_rds_id":"c57cb90f-2126-3800-9c9f-9eab82021cdf"}},"attachments":[{"id":"1e603fc3-af79-466d-b0a9-2df47ed1a684","version":2,"asset_type":"data_asset","name":"PII_train.json","mime":"application/json","datasource_type":"193a97c1-4475-4a19-b90c-295c4fdc6517","object_key":"PII_train.json","creator_id":"IBMid-664003O4O6","create_time":1667822264737,"size":33094,"is_remote":false,"is_managed":false,"is_referenced":true,"is_object_key_read_only":true,"is_user_provided_path_key":true,"transfer_complete":true,"is_partitioned":false,"complete_time_ticks":1667822264737,"user_data":{},"test_doc":0,"handle":{"bucket":"watsoncore-donotdelete-pr-olkxvfa8bk0pb1","location":"us-geo","type":"bluemix_cos","key":"PII_train.json","upload_id":"done","max_part_num":1},"usage":{"access_count":0,"last_accessor_id":"IBMid-664003O4O6","last_access_time":1667822264737}}]}
