{"metadata":{"asset_id":"ecb37f86-69f2-4e81-9c33-7db5ed3c4056","asset_attributes":["data_asset"],"name":"10-MB-Test.xlsx","asset_type":"data_asset","created_at":"2022-11-04T18:30:47Z","origin_country":"us","owner_id":"IBMid-550004YTNH","project_id":"ae1a755d-e162-4f07-9f5a-130d2280e78e","size":9566567,"usage":{"last_update_time":1667586647451,"last_updated_at":"2022-11-04T18:30:47Z"}},"entity":{"data_asset":{"mime_type":"application/vnd.openxmlformats-officedocument.spreadsheetml.sheet","dataset":false},"location_definition":{"physical_location_code_assignment_method":"INFERRED","physical_location_code":"DAL","physical_location_code_assigned_by":"IBMid-550004YTNH","physical_location_code_added_on":"1667586648337","physical_location_code_rds_version":"00002022-0428-4142-8305-320876000000_2","physical_location_code_rds_id":"c57cb90f-2126-3800-9c9f-9eab82021cdf"}},"attachments":[{"id":"7c9c87e2-86f0-4b64-aaa2-0f48634df875","version":2,"asset_type":"data_asset","name":"10-MB-Test.xlsx","mime":"application/vnd.openxmlformats-officedocument.spreadsheetml.sheet","datasource_type":"193a97c1-4475-4a19-b90c-295c4fdc6517","object_key":"10-MB-Test.xlsx","creator_id":"IBMid-550004YTNH","create_time":1667586648340,"size":9566567,"is_remote":false,"is_managed":false,"is_referenced":true,"is_object_key_read_only":true,"is_user_provided_path_key":true,"transfer_complete":true,"is_partitioned":false,"complete_time_ticks":1667586648340,"user_data":{},"test_doc":0,"handle":{"bucket":"watsoncore-donotdelete-pr-olkxvfa8bk0pb1","location":"us-geo","type":"bluemix_cos","key":"10-MB-Test.xlsx","upload_id":"done","max_part_num":1},"usage":{"access_count":0,"last_accessor_id":"IBMid-550004YTNH","last_access_time":1667586648340}}]}
