{"metadata":{"asset_id":"ce0735d9-5403-44a7-9345-d7e5fb868133","asset_attributes":["notebook"],"name":"PII custom Dataset","asset_type":"notebook","created_at":"2022-11-14T20:13:03Z","description":"","origin_country":"us","owner_id":"IBMid-550004YTNH","project_id":"ae1a755d-e162-4f07-9f5a-130d2280e78e","size":14583,"tags":["notebook"],"usage":{"last_update_time":1674853935722,"last_updated_at":"2023-01-27T21:12:15Z"}},"entity":{"notebook":{"kernel":{"name":"python3","display_name":"Python 3.10","language":"python"},"originates_from":{"type":"blank"},"runtime":{"environment":"2a435321-9f94-44b0-b607-f11d69b103f7"}},"location_definition":{"physical_location_code":"DAL","physical_location_code_assigned_by":"IBMid-550004YTNH","physical_location_code_rds_id":"c57cb90f-2126-3800-9c9f-9eab82021cdf","physical_location_code_rds_version":"00002022-0428-4142-8305-320876000000_2","physical_location_code_assignment_method":"INFERRED","physical_location_code_added_on":"1668456783982"}},"attachments":[{"id":"f7135319-bdda-4862-b8d0-c4c1493807be","version":2,"asset_type":"notebook","name":"attachment for notebook ce0735d9-5403-44a7-9345-d7e5fb868133","description":"attachment for notebook ce0735d9-5403-44a7-9345-d7e5fb868133","mime":"application/json","datasource_type":"193a97c1-4475-4a19-b90c-295c4fdc6517","object_key":"notebook/PII_custom_Dataset_yYNmfR-P0.ipynb","creator_id":"IBMid-550004YTNH","create_time":1668456783983,"size":14583,"is_remote":false,"is_managed":false,"is_referenced":true,"is_object_key_read_only":false,"is_user_provided_path_key":true,"transfer_complete":true,"is_partitioned":false,"complete_time_ticks":1668456783983,"user_data":{},"test_doc":0,"handle":{"bucket":"watsoncore-donotdelete-pr-olkxvfa8bk0pb1","location":"us-geo","type":"bluemix_cos","key":"notebook/PII_custom_Dataset_yYNmfR-P0.ipynb","upload_id":"done","max_part_num":1},"usage":{"access_count":58,"last_accessor_id":"IBMid-550004YTNH","last_access_time":1674853935718,"last_updater_id":"IBMid-550004YTNH","last_update_time":1674853935718}}]}
