{"metadata":{"asset_id":"922271a1-f9d7-45d1-a2ae-e5da6377c598","asset_attributes":["notebook"],"name":"PII Extraction - Fine-Tuned Models","asset_type":"notebook","created_at":"2023-02-20T15:51:23Z","description":"","origin_country":"us","owner_id":"IBMid-6660029R5X","project_id":"ae1a755d-e162-4f07-9f5a-130d2280e78e","size":46981,"tags":["notebook"],"usage":{"last_update_time":1677245226024,"last_updated_at":"2023-02-24T13:27:06Z"}},"entity":{"notebook":{"kernel":{"name":"python3","display_name":"Python 3.10 + GPU","language":"python"},"originates_from":{"type":"blank"},"runtime":{"environment":"4a3d0be6-8524-4e01-a198-49fb779f7ec1"}},"location_definition":{"physical_location_code":"DAL","physical_location_code_assigned_by":"IBMid-6660029R5X","physical_location_code_rds_id":"c57cb90f-2126-3800-9c9f-9eab82021cdf","physical_location_code_rds_version":"00002022-0428-4142-8305-320876000000_2","physical_location_code_assignment_method":"INFERRED","physical_location_code_added_on":"1676908284466"}},"attachments":[{"id":"3ec9e3ac-7edb-443f-b55e-e8d2e0fc9948","version":2,"asset_type":"notebook","name":"attachment for notebook 922271a1-f9d7-45d1-a2ae-e5da6377c598","description":"attachment for notebook 922271a1-f9d7-45d1-a2ae-e5da6377c598","mime":"application/json","datasource_type":"193a97c1-4475-4a19-b90c-295c4fdc6517","object_key":"notebook/PII_Extraction_-_Fine-Tuned_Models-_Mearged__czH19HHl.ipynb","creator_id":"IBMid-6660029R5X","create_time":1676908284469,"size":46981,"is_remote":false,"is_managed":false,"is_referenced":true,"is_object_key_read_only":false,"is_user_provided_path_key":true,"transfer_complete":true,"is_partitioned":false,"complete_time_ticks":1676908284469,"user_data":{},"test_doc":0,"handle":{"bucket":"watsoncore-donotdelete-pr-olkxvfa8bk0pb1","location":"us-geo","type":"bluemix_cos","key":"notebook/PII_Extraction_-_Fine-Tuned_Models-_Mearged__czH19HHl.ipynb","upload_id":"done","max_part_num":1},"usage":{"access_count":75,"last_accessor_id":"IBMid-6660029R5X","last_access_time":1677146481676,"last_updater_id":"IBMid-6660029R5X","last_update_time":1677146481676}}]}
