{"metadata":{"asset_id":"3d6891f2-d896-49b0-b7b0-87c9ca6d8c20","asset_attributes":["notebook"],"name":"PII custom Dataset Generation","asset_type":"notebook","created_at":"2023-02-15T10:51:57Z","description":"","origin_country":"us","owner_id":"IBMid-6660029R5X","project_id":"ae1a755d-e162-4f07-9f5a-130d2280e78e","size":23358,"tags":["notebook"],"usage":{"last_update_time":1677062452601,"last_updated_at":"2023-02-22T10:40:52Z"}},"entity":{"notebook":{"kernel":{"name":"python3","display_name":"Python 3.10","language":"python"},"originates_from":{"type":"blank"},"runtime":{"environment":"e0e173e4-5dde-415d-9911-205a2d308d1c"}},"location_definition":{"physical_location_code":"DAL","physical_location_code_assigned_by":"IBMid-6660029R5X","physical_location_code_rds_id":"c57cb90f-2126-3800-9c9f-9eab82021cdf","physical_location_code_rds_version":"00002022-0428-4142-8305-320876000000_2","physical_location_code_assignment_method":"INFERRED","physical_location_code_added_on":"1676458318104"}},"attachments":[{"id":"4fdf01ac-a9db-4077-b302-b61f161959db","version":2,"asset_type":"notebook","name":"attachment for notebook 3d6891f2-d896-49b0-b7b0-87c9ca6d8c20","description":"attachment for notebook 3d6891f2-d896-49b0-b7b0-87c9ca6d8c20","mime":"application/json","datasource_type":"193a97c1-4475-4a19-b90c-295c4fdc6517","object_key":"notebook/PII_custom_Dataset_Generation_ySR46q_-4.ipynb","creator_id":"IBMid-6660029R5X","create_time":1676458318106,"size":23358,"is_remote":false,"is_managed":false,"is_referenced":true,"is_object_key_read_only":false,"is_user_provided_path_key":true,"transfer_complete":true,"is_partitioned":false,"complete_time_ticks":1676458318106,"user_data":{},"test_doc":0,"handle":{"bucket":"watsoncore-donotdelete-pr-olkxvfa8bk0pb1","location":"us-geo","type":"bluemix_cos","key":"notebook/PII_custom_Dataset_Generation_ySR46q_-4.ipynb","upload_id":"done","max_part_num":1},"usage":{"access_count":6,"last_accessor_id":"IBMid-6660029R5X","last_access_time":1677062452597,"last_updater_id":"IBMid-6660029R5X","last_update_time":1677062452597}}]}
