{"metadata":{"asset_id":"76d29d22-4ba9-4324-9660-e795217e044e","asset_attributes":["notebook"],"name":"Entities Extraction - Fine-Tuned  Models","asset_type":"notebook","created_at":"2023-03-03T11:23:50Z","description":"","origin_country":"us","owner_id":"IBMid-6660029R5X","project_id":"ae1a755d-e162-4f07-9f5a-130d2280e78e","size":34515,"tags":["notebook"],"usage":{"last_update_time":1679495606852,"last_updated_at":"2023-03-22T14:33:26Z"}},"entity":{"notebook":{"kernel":{"name":"python3","display_name":"Python 3.10 + GPU","language":"python"},"originates_from":{"type":"blank"},"runtime":{"environment":"4a3d0be6-8524-4e01-a198-49fb779f7ec1"}},"location_definition":{"physical_location_code":"DAL","physical_location_code_assigned_by":"IBMid-6660029R5X","physical_location_code_rds_id":"c57cb90f-2126-3800-9c9f-9eab82021cdf","physical_location_code_rds_version":"00002022-0428-4142-8305-320876000000_2","physical_location_code_assignment_method":"INFERRED","physical_location_code_added_on":"1677842630678"}},"attachments":[{"id":"0ea37585-9d36-49e1-92f6-428762aeb265","version":2,"asset_type":"notebook","name":"attachment for notebook 76d29d22-4ba9-4324-9660-e795217e044e","description":"attachment for notebook 76d29d22-4ba9-4324-9660-e795217e044e","mime":"application/json","datasource_type":"193a97c1-4475-4a19-b90c-295c4fdc6517","object_key":"notebook/Entities_Extraction_-_Fine-Tuned__Models_reNwzChAF.ipynb","creator_id":"IBMid-6660029R5X","create_time":1677842630679,"size":34515,"is_remote":false,"is_managed":false,"is_referenced":true,"is_object_key_read_only":false,"is_user_provided_path_key":true,"transfer_complete":true,"is_partitioned":false,"complete_time_ticks":1677842630679,"user_data":{},"test_doc":0,"handle":{"bucket":"watsoncore-donotdelete-pr-olkxvfa8bk0pb1","location":"us-geo","type":"bluemix_cos","key":"notebook/Entities_Extraction_-_Fine-Tuned__Models_reNwzChAF.ipynb","upload_id":"done","max_part_num":1},"usage":{"access_count":29,"last_accessor_id":"IBMid-6660029R5X","last_access_time":1679492360125,"last_updater_id":"IBMid-6660029R5X","last_update_time":1679492360125}}]}
