{"metadata":{"asset_id":"a6e0b4c8-b7ff-4bce-b3ca-52be9be9c473","asset_attributes":["notebook"],"name":"Complaint Data Text Classification","asset_type":"notebook","created_at":"2022-08-16T08:14:56Z","description":"","origin_country":"us","owner_id":"IBMid-664003O4O6","project_id":"ae1a755d-e162-4f07-9f5a-130d2280e78e","size":121468,"tags":["notebook"],"usage":{"last_update_time":1661730923773,"last_updated_at":"2022-08-28T23:55:23Z"}},"entity":{"notebook":{"kernel":{"name":"python3","display_name":"Python 3.9","language":"python"},"originates_from":{"type":"blank"},"runtime":{"environment":"031d4c1a-e39c-4b20-bee3-001389659c0f"}},"location_definition":{"physical_location_code":"DAL","physical_location_code_assigned_by":"IBMid-664003O4O6","physical_location_code_rds_id":"c57cb90f-2126-3800-9c9f-9eab82021cdf","physical_location_code_rds_version":"00002022-0428-4142-8305-320876000000_2","physical_location_code_assignment_method":"INFERRED","physical_location_code_added_on":"1660637697420"}},"attachments":[{"id":"632a28f5-6569-4908-a4c5-91a58139703e","version":2,"asset_type":"notebook","name":"attachment for notebook a6e0b4c8-b7ff-4bce-b3ca-52be9be9c473","description":"attachment for notebook a6e0b4c8-b7ff-4bce-b3ca-52be9be9c473","mime":"application/json","datasource_type":"193a97c1-4475-4a19-b90c-295c4fdc6517","object_key":"notebook/Complaint_Data_Text_Classification_unYZLBRAz.ipynb","creator_id":"IBMid-664003O4O6","create_time":1660637697424,"size":121468,"is_remote":false,"is_managed":false,"is_referenced":true,"is_object_key_read_only":false,"is_user_provided_path_key":true,"transfer_complete":true,"is_partitioned":false,"complete_time_ticks":1660637697424,"user_data":{},"test_doc":0,"handle":{"bucket":"watsoncore-donotdelete-pr-olkxvfa8bk0pb1","location":"us-geo","key":"notebook/Complaint_Data_Text_Classification_unYZLBRAz.ipynb","upload_id":"done","max_part_num":1},"usage":{"access_count":195,"last_accessor_id":"IBMid-550003HW96","last_access_time":1661730921283,"last_updater_id":"IBMid-550003HW96","last_update_time":1661730921283}}]}
