{"metadata":{"asset_id":"1cc9be52-0b97-4860-a9f1-bdb34ebd954c","asset_attributes":["notebook"],"name":"Hotel Reviews Text Classification","asset_type":"notebook","created_at":"2022-08-30T22:06:40Z","description":"","origin_country":"us","owner_id":"IBMid-550003HW96","project_id":"ae1a755d-e162-4f07-9f5a-130d2280e78e","size":57807,"tags":["notebook"],"usage":{"last_update_time":1662601917026,"last_updated_at":"2022-09-08T01:51:57Z"}},"entity":{"notebook":{"kernel":{"name":"python3","display_name":"Python 3.9","language":"python"},"originates_from":{"type":"notebook","guid":"a6e0b4c8-b7ff-4bce-b3ca-52be9be9c473"},"runtime":{"environment":"031d4c1a-e39c-4b20-bee3-001389659c0f"}},"location_definition":{"physical_location_code":"DAL","physical_location_code_assigned_by":"IBMid-550003HW96","physical_location_code_rds_id":"c57cb90f-2126-3800-9c9f-9eab82021cdf","physical_location_code_rds_version":"00002022-0428-4142-8305-320876000000_2","physical_location_code_assignment_method":"INFERRED","physical_location_code_added_on":"1661897202090"}},"attachments":[{"id":"60ede974-d47e-4a50-a939-4b31b7b73e15","version":2,"asset_type":"notebook","name":"attachment for notebook 1cc9be52-0b97-4860-a9f1-bdb34ebd954c","description":"attachment for notebook 1cc9be52-0b97-4860-a9f1-bdb34ebd954c","mime":"application/json","datasource_type":"193a97c1-4475-4a19-b90c-295c4fdc6517","object_key":"notebook/Complaint_Data_Text_Classification_copy_vQxuhigBd.ipynb","creator_id":"IBMid-550003HW96","create_time":1661897202091,"size":57807,"is_remote":false,"is_managed":false,"is_referenced":true,"is_object_key_read_only":false,"is_user_provided_path_key":true,"transfer_complete":true,"is_partitioned":false,"complete_time_ticks":1661897202091,"user_data":{},"test_doc":0,"handle":{"bucket":"watsoncore-donotdelete-pr-olkxvfa8bk0pb1","location":"us-geo","type":"bluemix_cos","key":"notebook/Complaint_Data_Text_Classification_copy_vQxuhigBd.ipynb","upload_id":"done","max_part_num":1},"usage":{"access_count":145,"last_accessor_id":"IBMid-550003HW96","last_access_time":1662601767548,"last_updater_id":"IBMid-550003HW96","last_update_time":1662601767548}}]}
