{"metadata":{"asset_id":"22a1eeb1-eac3-490a-90c4-15310476fd42","asset_attributes":["notebook"],"name":"PII Extraction - Pre-Trained Models","asset_type":"notebook","created_at":"2023-02-03T05:43:46Z","description":"","origin_country":"us","owner_id":"IBMid-6660029R5X","project_id":"ae1a755d-e162-4f07-9f5a-130d2280e78e","size":16861,"tags":["notebook"],"usage":{"last_update_time":1678175187794,"last_updated_at":"2023-03-07T07:46:27Z"}},"entity":{"notebook":{"kernel":{"name":"python3","display_name":"Python 3.10","language":"python"},"originates_from":{"type":"blank"},"runtime":{"environment":"e0e173e4-5dde-415d-9911-205a2d308d1c"}},"location_definition":{"physical_location_code":"DAL","physical_location_code_assigned_by":"IBMid-6660029R5X","physical_location_code_rds_id":"c57cb90f-2126-3800-9c9f-9eab82021cdf","physical_location_code_rds_version":"00002022-0428-4142-8305-320876000000_2","physical_location_code_assignment_method":"INFERRED","physical_location_code_added_on":"1675403027666"}},"attachments":[{"id":"74fa5c5c-5aa8-468f-a5d8-3d2949d5c39d","version":2,"asset_type":"notebook","name":"attachment for notebook 22a1eeb1-eac3-490a-90c4-15310476fd42","description":"attachment for notebook 22a1eeb1-eac3-490a-90c4-15310476fd42","mime":"application/json","datasource_type":"193a97c1-4475-4a19-b90c-295c4fdc6517","object_key":"notebook/PII_Extraction_-_Pre-Trained_Models_65bbnff33.ipynb","creator_id":"IBMid-6660029R5X","create_time":1675403027669,"size":16861,"is_remote":false,"is_managed":false,"is_referenced":true,"is_object_key_read_only":false,"is_user_provided_path_key":true,"transfer_complete":true,"is_partitioned":false,"complete_time_ticks":1675403027669,"user_data":{},"test_doc":0,"handle":{"bucket":"watsoncore-donotdelete-pr-olkxvfa8bk0pb1","location":"us-geo","type":"bluemix_cos","key":"notebook/PII_Extraction_-_Pre-Trained_Models_65bbnff33.ipynb","upload_id":"done","max_part_num":1},"usage":{"access_count":97,"last_accessor_id":"IBMid-6660029R5X","last_access_time":1678175187791,"last_updater_id":"IBMid-6660029R5X","last_update_time":1678175187791}}]}
