{"metadata":{"asset_id":"92cddc99-831d-4753-a7b9-98513b3a65d7","asset_attributes":["data_asset","data_profile_uda"],"name":"stopwords.txt","asset_type":"data_asset","created_at":"2022-08-10T20:20:04Z","origin_country":"us","owner_id":"IBMid-664003O4O6","project_id":"ae1a755d-e162-4f07-9f5a-130d2280e78e","size":41980,"usage":{"last_update_time":1660162835928,"last_updated_at":"2022-08-10T20:20:35Z"}},"entity":{"data_asset":{"mime_type":"text/plain","dataset":false},"location_definition":{"physical_location_code_assignment_method":"INFERRED","physical_location_code":"DAL","physical_location_code_assigned_by":"IBMid-664003O4O6","physical_location_code_added_on":"1660162805341","physical_location_code_rds_version":"00002022-0428-4142-8305-320876000000_2","physical_location_code_rds_id":"c57cb90f-2126-3800-9c9f-9eab82021cdf"},"data_profile_uda":{"status":"completed"}},"attachments":[{"id":"683ac60a-c7f4-46f2-92e3-e8a195391a10","version":2,"asset_type":"data_asset","name":"stopwords.txt","mime":"text/plain","datasource_type":"193a97c1-4475-4a19-b90c-295c4fdc6517","object_key":"stopwords.txt","creator_id":"IBMid-664003O4O6","create_time":1660162805342,"size":41716,"is_remote":false,"is_managed":false,"is_referenced":true,"is_object_key_read_only":true,"is_user_provided_path_key":true,"transfer_complete":true,"is_partitioned":false,"complete_time_ticks":1660162805342,"user_data":{},"test_doc":0,"handle":{"bucket":"watsoncore-donotdelete-pr-olkxvfa8bk0pb1","location":"us-geo","key":"stopwords.txt","upload_id":"done","max_part_num":1},"usage":{"access_count":0,"last_accessor_id":"IBMid-664003O4O6","last_access_time":1660162805342}},{"id":"a3e281e7-6b74-47e6-a427-0f8aee17792c","version":2,"asset_type":"data_profile_uda","name":"uda_92cddc99-831d-4753-a7b9-98513b3a65d7.json","mime":"application/json","datasource_type":"193a97c1-4475-4a19-b90c-295c4fdc6517","object_key":"data_profile_uda/2022-08-10-20_20_34-uda_92cddc99-831d-4753-a7b9-98513b3a65d7.json","creator_id":"iam-ServiceId-5d9bb1d6-b10e-410d-a535-ad6b78e9773b","create_time":1660162835841,"size":264,"is_remote":false,"is_managed":false,"is_referenced":true,"is_object_key_read_only":false,"is_user_provided_path_key":true,"transfer_complete":true,"is_partitioned":false,"complete_time_ticks":1660162835841,"user_data":{},"test_doc":0,"handle":{"bucket":"watsoncore-donotdelete-pr-olkxvfa8bk0pb1","location":"us-geo","key":"data_profile_uda/2022-08-10-20_20_34-uda_92cddc99-831d-4753-a7b9-98513b3a65d7.json","upload_id":"done","max_part_num":1},"usage":{"access_count":0,"last_accessor_id":"iam-ServiceId-5d9bb1d6-b10e-410d-a535-ad6b78e9773b","last_access_time":1660162835841}}]}
