{"metadata":{"asset_id":"46bb2bb8-d62a-408b-a503-4bdf5bd8d34e","asset_attributes":["data_asset"],"name":"PubMed Multi Label Text Classification Dataset Processed.csv","asset_type":"data_asset","created_at":"2023-04-03T08:50:33Z","origin_country":"us","owner_id":"IBMid-664003O4O6","project_id":"ae1a755d-e162-4f07-9f5a-130d2280e78e","size":119799320,"usage":{"last_update_time":1680511833837,"last_updated_at":"2023-04-03T08:50:33Z"}},"entity":{"data_asset":{"mime_type":"text/csv","dataset":false},"location_definition":{"physical_location_code":"DAL","physical_location_code_assigned_by":"IBMid-664003O4O6","physical_location_code_rds_id":"c57cb90f-2126-3800-9c9f-9eab82021cdf","physical_location_code_rds_version":"00002022-0428-4142-8305-320876000000_2","physical_location_code_assignment_method":"INFERRED","physical_location_code_added_on":"1680511833834"}},"attachments":[{"id":"620ff161-f9d6-4fd7-902b-1e75800673d1","version":2,"asset_type":"data_asset","name":"PubMed Multi Label Text Classification Dataset Processed.csv","mime":"text/csv","datasource_type":"193a97c1-4475-4a19-b90c-295c4fdc6517","object_key":"PubMed Multi Label Text Classification Dataset Processed.csv","creator_id":"IBMid-664003O4O6","create_time":1680511833836,"size":119799320,"is_remote":false,"is_managed":false,"is_referenced":true,"is_object_key_read_only":true,"is_user_provided_path_key":true,"transfer_complete":true,"is_partitioned":false,"complete_time_ticks":1680511833836,"user_data":{},"test_doc":0,"handle":{"bucket":"watsoncore-donotdelete-pr-olkxvfa8bk0pb1","location":"us-geo","type":"bluemix_cos","key":"PubMed Multi Label Text Classification Dataset Processed.csv","upload_id":"done","max_part_num":1},"usage":{"access_count":0,"last_accessor_id":"IBMid-664003O4O6","last_access_time":1680511833836}}]}
