{"metadata":{"asset_id":"771b5640-7d1c-45e8-9a9b-d07686ce8bea","asset_attributes":["notebook"],"name":"Hierarchical Text Categorization - Pre-train Model","asset_type":"notebook","created_at":"2023-01-31T13:19:14Z","description":"","origin_country":"us","owner_id":"IBMid-664003O4O6","project_id":"ae1a755d-e162-4f07-9f5a-130d2280e78e","size":7662498,"tags":["notebook"],"usage":{"last_update_time":1679293950834,"last_updated_at":"2023-03-20T06:32:30Z"}},"entity":{"notebook":{"kernel":{"name":"python3","display_name":"Python 3.10","language":"python"},"originates_from":{"type":"blank"},"runtime":{"environment":"7e051325-bc96-4aa9-aa2b-8e4a8fe03441"}},"location_definition":{"physical_location_code":"DAL","physical_location_code_assigned_by":"IBMid-664003O4O6","physical_location_code_rds_id":"c57cb90f-2126-3800-9c9f-9eab82021cdf","physical_location_code_rds_version":"00002022-0428-4142-8305-320876000000_2","physical_location_code_assignment_method":"INFERRED","physical_location_code_added_on":"1675171156037"}},"attachments":[{"id":"9b7997a4-e87c-46b8-92f3-2520c4aeaa69","version":2,"asset_type":"notebook","name":"attachment for notebook 771b5640-7d1c-45e8-9a9b-d07686ce8bea","description":"attachment for notebook 771b5640-7d1c-45e8-9a9b-d07686ce8bea","mime":"application/json","datasource_type":"193a97c1-4475-4a19-b90c-295c4fdc6517","object_key":"notebook/Hierarchical_Text_Categorization_-_Pre-train_Model_hCy194cwT.ipynb","creator_id":"IBMid-664003O4O6","create_time":1675171156040,"size":7662498,"is_remote":false,"is_managed":false,"is_referenced":true,"is_object_key_read_only":false,"is_user_provided_path_key":true,"transfer_complete":true,"is_partitioned":false,"complete_time_ticks":1675171156040,"user_data":{},"test_doc":0,"handle":{"bucket":"watsoncore-donotdelete-pr-olkxvfa8bk0pb1","location":"us-geo","type":"bluemix_cos","key":"notebook/Hierarchical_Text_Categorization_-_Pre-train_Model_hCy194cwT.ipynb","upload_id":"done","max_part_num":1},"usage":{"access_count":175,"last_accessor_id":"IBMid-664003O4O6","last_access_time":1679293950833,"last_updater_id":"IBMid-664003O4O6","last_update_time":1679293950833}}]}
