{"metadata":{"asset_id":"20d6e358-2a67-4e3c-adc6-c14cdf672718","asset_attributes":["notebook"],"name":"Complaint Data Topic Modeling","asset_type":"notebook","created_at":"2022-08-08T10:26:23Z","description":"","origin_country":"us","owner_id":"IBMid-664003O4O6","project_id":"ae1a755d-e162-4f07-9f5a-130d2280e78e","size":4734789,"tags":["notebook"],"usage":{"last_update_time":1660936660722,"last_updated_at":"2022-08-19T19:17:40Z"}},"entity":{"notebook":{"kernel":{"name":"python3","display_name":"Python 3.9","language":"python"},"originates_from":{"type":"blank"},"runtime":{"environment":"31091ff8-b087-45bd-a9c9-d0af6673f03c"}},"location_definition":{"physical_location_code":"DAL","physical_location_code_assigned_by":"IBMid-664003O4O6","physical_location_code_rds_id":"c57cb90f-2126-3800-9c9f-9eab82021cdf","physical_location_code_rds_version":"00002022-0428-4142-8305-320876000000_2","physical_location_code_assignment_method":"INFERRED","physical_location_code_added_on":"1659954384976"}},"attachments":[{"id":"9f0c7257-859e-40a0-9c3d-3b1092a673e0","version":2,"asset_type":"notebook","name":"attachment for notebook 20d6e358-2a67-4e3c-adc6-c14cdf672718","description":"attachment for notebook 20d6e358-2a67-4e3c-adc6-c14cdf672718","mime":"application/json","datasource_type":"193a97c1-4475-4a19-b90c-295c4fdc6517","object_key":"notebook/Complaint_Data_Topic_Modeling_6_77nAriu.ipynb","creator_id":"IBMid-664003O4O6","create_time":1659954384978,"size":4734789,"is_remote":false,"is_managed":false,"is_referenced":true,"is_object_key_read_only":false,"is_user_provided_path_key":true,"transfer_complete":true,"is_partitioned":false,"complete_time_ticks":1659954384978,"user_data":{},"test_doc":0,"handle":{"bucket":"watsoncore-donotdelete-pr-olkxvfa8bk0pb1","location":"us-geo","key":"notebook/Complaint_Data_Topic_Modeling_6_77nAriu.ipynb","upload_id":"done","max_part_num":1},"usage":{"access_count":558,"last_accessor_id":"IBMid-550003HW96","last_access_time":1660936643986,"last_updater_id":"IBMid-550003HW96","last_update_time":1660936643986}}]}
