{"description":"Basic object in a logical data model","fields":[],"relationships":[],"properties":{"persistent":{"type":"bool","description":"Information about whether the LDM entity is intended to be persisted when transformed to table or is meant to be only in logical model."},"notes":{"type":"string"}},"localized_metadata_attributes":{"name":{"default":"Logical Model Entity","en":"Logical Model Entity"}},"global_search_searchable":[],"attribute_only":false,"allow_decorators":true,"version":1,"name":"ibm_logical_model_entity","scope":"GLOBAL"}
