{"metadata":{"asset_id":"59c6b229-4312-4ebb-97bd-6b6995609d6d","asset_attributes":["data_asset"],"name":"News_Category_Dataset_v3.json","asset_type":"data_asset","created_at":"2023-02-01T15:39:45Z","origin_country":"us","owner_id":"IBMid-664003O4O6","project_id":"ae1a755d-e162-4f07-9f5a-130d2280e78e","size":87295572,"usage":{"last_update_time":1675265985380,"last_updated_at":"2023-02-01T15:39:45Z"}},"entity":{"data_asset":{"mime_type":"application/json","dataset":false},"location_definition":{"physical_location_code_assignment_method":"INFERRED","physical_location_code":"DAL","physical_location_code_assigned_by":"IBMid-664003O4O6","physical_location_code_added_on":"1675265986329","physical_location_code_rds_version":"00002022-0428-4142-8305-320876000000_2","physical_location_code_rds_id":"c57cb90f-2126-3800-9c9f-9eab82021cdf"}},"attachments":[{"id":"6322d40a-80c1-4d82-a9d7-83fd5ff48539","version":2,"asset_type":"data_asset","name":"News_Category_Dataset_v3.json","mime":"application/json","datasource_type":"193a97c1-4475-4a19-b90c-295c4fdc6517","object_key":"News_Category_Dataset_v3.json","creator_id":"IBMid-664003O4O6","create_time":1675265986333,"size":87295572,"is_remote":false,"is_managed":false,"is_referenced":true,"is_object_key_read_only":true,"is_user_provided_path_key":true,"transfer_complete":true,"is_partitioned":false,"complete_time_ticks":1675265986333,"user_data":{},"test_doc":0,"handle":{"bucket":"watsoncore-donotdelete-pr-olkxvfa8bk0pb1","location":"us-geo","type":"bluemix_cos","key":"News_Category_Dataset_v3.json","upload_id":"done","max_part_num":1},"usage":{"access_count":0,"last_accessor_id":"IBMid-664003O4O6","last_access_time":1675265986333}}]}
