{"metadata":{"asset_id":"6454f487-a3e1-423f-87ad-36f7727b9c0c","asset_attributes":["environment"],"name":"Watson NLP ENV","asset_type":"environment","created_at":"2023-06-27T17:38:25Z","description":"","origin_country":"us","owner_id":"IBMid-6660029R5X","project_id":"ae1a755d-e162-4f07-9f5a-130d2280e78e","sandbox_id":"ae1a755d-e162-4f07-9f5a-130d2280e78e","size":0,"tags":["dsx"],"usage":{"last_update_time":1687887505741,"last_updated_at":"2023-06-27T17:38:25Z"}},"entity":{"environment":{"sub_type":"notebook","display_name":"Watson NLP ENV","hardware_specification":{"type":"referenced","guid":"accaae8e-efaa-4af9-8763-876f52bce362"},"software_specification":{"type":"referenced","guid":"5e8cddff-db4a-5a6a-b8aa-2d4af9864dab"},"tools_specification":{"supported_kernels":[{"name":"python3","display_name":"Python 3.10","language":"python","version":"3.10"}],"notebook_extensions":[]}}}}
