{"metadata":{"asset_id":"0f83d7b8-6762-4cfe-b2ba-f37240623113","asset_attributes":["hardware_specification"],"name":"PII - Watson NLP env","asset_type":"hardware_specification","created_at":"2023-02-24T16:41:38Z","description":"","origin_country":"us","owner_id":"IBMid-550003HW96","project_id":"ae1a755d-e162-4f07-9f5a-130d2280e78e","sandbox_id":"ae1a755d-e162-4f07-9f5a-130d2280e78e","size":0,"tags":["dsx"],"usage":{"last_update_time":1677256898299,"last_updated_at":"2023-02-24T16:41:38Z"}},"entity":{"hardware_specification":{"nodes":{"cpu":{"units":"4","model":""},"mem":{"size":"16Gi"}}}}}
