{"metadata":{"asset_id":"accaae8e-efaa-4af9-8763-876f52bce362","asset_attributes":["hardware_specification"],"name":"Watson NLP ENV","asset_type":"hardware_specification","created_at":"2023-06-27T17:38:25Z","description":"","origin_country":"us","owner_id":"IBMid-6660029R5X","project_id":"ae1a755d-e162-4f07-9f5a-130d2280e78e","sandbox_id":"ae1a755d-e162-4f07-9f5a-130d2280e78e","size":0,"tags":["dsx"],"usage":{"last_update_time":1687887505523,"last_updated_at":"2023-06-27T17:38:25Z"}},"entity":{"hardware_specification":{"nodes":{"cpu":{"units":"8","model":""},"mem":{"size":"32Gi"}}}}}
