{"metadata":{"asset_id":"64fb3b8f-57fd-4032-bf04-986db6733cdb","asset_attributes":["notebook"],"name":"Hierarchical Text Categorization - Fine Tune","asset_type":"notebook","created_at":"2023-04-03T08:09:51Z","description":"","origin_country":"us","owner_id":"IBMid-664003O4O6","project_id":"ae1a755d-e162-4f07-9f5a-130d2280e78e","size":430996,"tags":["notebook"],"usage":{"last_update_time":1687869346832,"last_updated_at":"2023-06-27T12:35:46Z"}},"entity":{"notebook":{"kernel":{"name":"python3","display_name":"Python 3.10","language":"python"},"originates_from":{"type":"blank"},"runtime":{"environment":"7e051325-bc96-4aa9-aa2b-8e4a8fe03441"}},"location_definition":{"physical_location_code":"DAL","physical_location_code_assigned_by":"IBMid-664003O4O6","physical_location_code_rds_id":"c57cb90f-2126-3800-9c9f-9eab82021cdf","physical_location_code_rds_version":"00002022-0428-4142-8305-320876000000_2","physical_location_code_assignment_method":"INFERRED","physical_location_code_added_on":"1680509392196"}},"attachments":[{"id":"33d03e15-0eee-4c26-815b-fc234adcb4e5","version":2,"asset_type":"notebook","name":"attachment for notebook 64fb3b8f-57fd-4032-bf04-986db6733cdb","description":"attachment for notebook 64fb3b8f-57fd-4032-bf04-986db6733cdb","mime":"application/json","datasource_type":"193a97c1-4475-4a19-b90c-295c4fdc6517","object_key":"notebook/Hierarchical_Text_Categorization_-_Fine_Tune_g22UGBIX4.ipynb","creator_id":"IBMid-664003O4O6","create_time":1680509392199,"size":430996,"is_remote":false,"is_managed":false,"is_referenced":true,"is_object_key_read_only":false,"is_user_provided_path_key":true,"transfer_complete":true,"is_partitioned":false,"complete_time_ticks":1680509392199,"user_data":{},"test_doc":0,"handle":{"bucket":"watsoncore-donotdelete-pr-olkxvfa8bk0pb1","location":"us-geo","type":"bluemix_cos","key":"notebook/Hierarchical_Text_Categorization_-_Fine_Tune_g22UGBIX4.ipynb","upload_id":"done","max_part_num":1},"usage":{"access_count":72,"last_accessor_id":"IBMid-6660029R5X","last_access_time":1687869346828,"last_updater_id":"IBMid-6660029R5X","last_update_time":1687869346828}}]}
