{"description":"Location definition asset type - BETA","fields":[{"key":"physical_location_code","type":"string","facet":false,"is_array":false,"is_searchable_across_types":false},{"key":"sovereign_location_code","type":"string","facet":false,"is_array":false,"is_searchable_across_types":false}],"external_asset_preview":{},"relationships":[],"properties":{"sovereign_location_code":{"type":"string","max_length":50},"physical_location_code":{"type":"string","max_length":50}},"global_search_searchable":[],"attribute_only":false,"version":1,"name":"location_definition","scope":"GLOBAL","allow_decorators":false}
