{"fields":[{"key":"connection_id","type":"string","facet":false,"is_array":false,"is_searchable_across_types":false},{"key":"connection_id_list","type":"array","facet":false,"is_array":false,"is_searchable_across_types":false},{"key":"file_list","type":"array","facet":false,"is_array":false,"is_searchable_across_types":false},{"key":"target_project_id","type":"string","facet":false,"is_array":false,"is_searchable_across_types":false}],"external_asset_preview":{},"relationships":[],"global_search_searchable":[],"attribute_only":false,"version":4,"name":"metadata_import","scope":"GLOBAL","allow_decorators":true}
