{"description":"Business intelligence report query item","fields":[],"external_asset_preview":{},"relationships":[],"properties":{"bi_server":{"type":"string","description":"Name of the business intelligence tool server information","readonly":true,"label":{"default":"Server information","en":"Server information"}},"lineage_link":{"type":"string","description":"Visually explore lineage information","hidden":true,"readonly":true,"label":{"default":"Lineage link","en":"Lineage link"}}},"localized_metadata_attributes":{"name":{"default":"Report Query Item","en":"Report Query Item"}},"global_search_searchable":[],"attribute_only":false,"version":1,"name":"ibm_bi_report_query_item","scope":"GLOBAL","allow_decorators":true}
