{"fields":[{"key":"name","type":"string","facet":false,"is_array":false,"is_searchable_across_types":false},{"key":"last_update_time","type":"number","facet":false,"is_array":false,"search_path":"metadata.usage.last_update_time","is_searchable_across_types":false},{"key":"last_updated_at","type":"string","facet":false,"is_array":false,"search_path":"metadata.usage.last_updated_at","is_searchable_across_types":false},{"key":"configuration.asset_ref","type":"string","facet":false,"is_array":false,"search_path":"configuration.asset_ref","is_searchable_across_types":false},{"key":"configuration.sub_type","type":"string","facet":false,"is_array":false,"search_path":"configuration.sub_type","is_searchable_across_types":false},{"key":"asset_ref","type":"string","facet":false,"is_array":false,"is_searchable_across_types":false},{"key":"asset_ref_type","type":"string","facet":false,"is_array":false,"is_searchable_across_types":false},{"key":"project_name","type":"string","facet":false,"is_array":false,"is_searchable_across_types":false},{"key":"space_name","type":"string","facet":false,"is_array":false,"is_searchable_across_types":false}],"relationships":[],"global_search_searchable":[],"attribute_only":false,"version":3,"name":"job","scope":"GLOBAL","allow_decorators":true}
